TrackId,CustomerId,EmployeeId,InvoiceDateID,InvoiceId,Quantity,UnitPrice,ExtendedPrice,IsCurrent,StartDate,EndDate
2,2,5,20090101,1,1,0.99,0.99,1,,
4,2,5,20090101,1,1,0.99,0.99,1,,
6,4,4,20090102,2,1,0.99,0.99,1,,
8,4,4,20090102,2,1,0.99,0.99,1,,
10,4,4,20090102,2,1,0.99,0.99,1,,
12,4,4,20090102,2,1,0.99,0.99,1,,
16,8,4,20090103,3,1,0.99,0.99,1,,
20,8,4,20090103,3,1,0.99,0.99,1,,
24,8,4,20090103,3,1,0.99,0.99,1,,
28,8,4,20090103,3,1,0.99,0.99,1,,
32,8,4,20090103,3,1,0.99,0.99,1,,
36,8,4,20090103,3,1,0.99,0.99,1,,
42,14,5,20090106,4,1,0.99,0.99,1,,
48,14,5,20090106,4,1,0.99,0.99,1,,
54,14,5,20090106,4,1,0.99,0.99,1,,
60,14,5,20090106,4,1,0.99,0.99,1,,
66,14,5,20090106,4,1,0.99,0.99,1,,
72,14,5,20090106,4,1,0.99,0.99,1,,
78,14,5,20090106,4,1,0.99,0.99,1,,
84,14,5,20090106,4,1,0.99,0.99,1,,
90,14,5,20090106,4,1,0.99,0.99,1,,
99,23,4,20090111,5,1,0.99,0.99,1,,
108,23,4,20090111,5,1,0.99,0.99,1,,
117,23,4,20090111,5,1,0.99,0.99,1,,
126,23,4,20090111,5,1,0.99,0.99,1,,
135,23,4,20090111,5,1,0.99,0.99,1,,
144,23,4,20090111,5,1,0.99,0.99,1,,
153,23,4,20090111,5,1,0.99,0.99,1,,
162,23,4,20090111,5,1,0.99,0.99,1,,
171,23,4,20090111,5,1,0.99,0.99,1,,
180,23,4,20090111,5,1,0.99,0.99,1,,
189,23,4,20090111,5,1,0.99,0.99,1,,
198,23,4,20090111,5,1,0.99,0.99,1,,
207,23,4,20090111,5,1,0.99,0.99,1,,
216,23,4,20090111,5,1,0.99,0.99,1,,
230,37,3,20090119,6,1,0.99,0.99,1,,
231,38,3,20090201,7,1,0.99,0.99,1,,
232,38,3,20090201,7,1,0.99,0.99,1,,
234,40,4,20090201,8,1,0.99,0.99,1,,
236,40,4,20090201,8,1,0.99,0.99,1,,
238,42,3,20090202,9,1,0.99,0.99,1,,
240,42,3,20090202,9,1,0.99,0.99,1,,
242,42,3,20090202,9,1,0.99,0.99,1,,
244,42,3,20090202,9,1,0.99,0.99,1,,
248,46,3,20090203,10,1,0.99,0.99,1,,
252,46,3,20090203,10,1,0.99,0.99,1,,
256,46,3,20090203,10,1,0.99,0.99,1,,
260,46,3,20090203,10,1,0.99,0.99,1,,
264,46,3,20090203,10,1,0.99,0.99,1,,
268,46,3,20090203,10,1,0.99,0.99,1,,
274,52,3,20090206,11,1,0.99,0.99,1,,
280,52,3,20090206,11,1,0.99,0.99,1,,
286,52,3,20090206,11,1,0.99,0.99,1,,
292,52,3,20090206,11,1,0.99,0.99,1,,
298,52,3,20090206,11,1,0.99,0.99,1,,
304,52,3,20090206,11,1,0.99,0.99,1,,
310,52,3,20090206,11,1,0.99,0.99,1,,
316,52,3,20090206,11,1,0.99,0.99,1,,
322,52,3,20090206,11,1,0.99,0.99,1,,
331,2,5,20090211,12,1,0.99,0.99,1,,
340,2,5,20090211,12,1,0.99,0.99,1,,
349,2,5,20090211,12,1,0.99,0.99,1,,
358,2,5,20090211,12,1,0.99,0.99,1,,
367,2,5,20090211,12,1,0.99,0.99,1,,
376,2,5,20090211,12,1,0.99,0.99,1,,
385,2,5,20090211,12,1,0.99,0.99,1,,
394,2,5,20090211,12,1,0.99,0.99,1,,
403,2,5,20090211,12,1,0.99,0.99,1,,
412,2,5,20090211,12,1,0.99,0.99,1,,
421,2,5,20090211,12,1,0.99,0.99,1,,
430,2,5,20090211,12,1,0.99,0.99,1,,
439,2,5,20090211,12,1,0.99,0.99,1,,
448,2,5,20090211,12,1,0.99,0.99,1,,
462,16,4,20090219,13,1,0.99,0.99,1,,
463,17,5,20090304,14,1,0.99,0.99,1,,
464,17,5,20090304,14,1,0.99,0.99,1,,
466,19,3,20090304,15,1,0.99,0.99,1,,
468,19,3,20090304,15,1,0.99,0.99,1,,
470,21,5,20090305,16,1,0.99,0.99,1,,
472,21,5,20090305,16,1,0.99,0.99,1,,
474,21,5,20090305,16,1,0.99,0.99,1,,
476,21,5,20090305,16,1,0.99,0.99,1,,
480,25,5,20090306,17,1,0.99,0.99,1,,
484,25,5,20090306,17,1,0.99,0.99,1,,
488,25,5,20090306,17,1,0.99,0.99,1,,
492,25,5,20090306,17,1,0.99,0.99,1,,
496,25,5,20090306,17,1,0.99,0.99,1,,
500,25,5,20090306,17,1,0.99,0.99,1,,
506,31,5,20090309,18,1,0.99,0.99,1,,
512,31,5,20090309,18,1,0.99,0.99,1,,
518,31,5,20090309,18,1,0.99,0.99,1,,
524,31,5,20090309,18,1,0.99,0.99,1,,
530,31,5,20090309,18,1,0.99,0.99,1,,
536,31,5,20090309,18,1,0.99,0.99,1,,
542,31,5,20090309,18,1,0.99,0.99,1,,
548,31,5,20090309,18,1,0.99,0.99,1,,
554,31,5,20090309,18,1,0.99,0.99,1,,
563,40,4,20090314,19,1,0.99,0.99,1,,
572,40,4,20090314,19,1,0.99,0.99,1,,
581,40,4,20090314,19,1,0.99,0.99,1,,
590,40,4,20090314,19,1,0.99,0.99,1,,
599,40,4,20090314,19,1,0.99,0.99,1,,
608,40,4,20090314,19,1,0.99,0.99,1,,
617,40,4,20090314,19,1,0.99,0.99,1,,
626,40,4,20090314,19,1,0.99,0.99,1,,
635,40,4,20090314,19,1,0.99,0.99,1,,
644,40,4,20090314,19,1,0.99,0.99,1,,
653,40,4,20090314,19,1,0.99,0.99,1,,
662,40,4,20090314,19,1,0.99,0.99,1,,
671,40,4,20090314,19,1,0.99,0.99,1,,
680,40,4,20090314,19,1,0.99,0.99,1,,
694,54,5,20090322,20,1,0.99,0.99,1,,
695,55,4,20090404,21,1,0.99,0.99,1,,
696,55,4,20090404,21,1,0.99,0.99,1,,
698,57,5,20090404,22,1,0.99,0.99,1,,
700,57,5,20090404,22,1,0.99,0.99,1,,
702,59,3,20090405,23,1,0.99,0.99,1,,
704,59,3,20090405,23,1,0.99,0.99,1,,
706,59,3,20090405,23,1,0.99,0.99,1,,
708,59,3,20090405,23,1,0.99,0.99,1,,
712,4,4,20090406,24,1,0.99,0.99,1,,
716,4,4,20090406,24,1,0.99,0.99,1,,
720,4,4,20090406,24,1,0.99,0.99,1,,
724,4,4,20090406,24,1,0.99,0.99,1,,
728,4,4,20090406,24,1,0.99,0.99,1,,
732,4,4,20090406,24,1,0.99,0.99,1,,
738,10,4,20090409,25,1,0.99,0.99,1,,
744,10,4,20090409,25,1,0.99,0.99,1,,
750,10,4,20090409,25,1,0.99,0.99,1,,
756,10,4,20090409,25,1,0.99,0.99,1,,
762,10,4,20090409,25,1,0.99,0.99,1,,
768,10,4,20090409,25,1,0.99,0.99,1,,
774,10,4,20090409,25,1,0.99,0.99,1,,
780,10,4,20090409,25,1,0.99,0.99,1,,
786,10,4,20090409,25,1,0.99,0.99,1,,
795,19,3,20090414,26,1,0.99,0.99,1,,
804,19,3,20090414,26,1,0.99,0.99,1,,
813,19,3,20090414,26,1,0.99,0.99,1,,
822,19,3,20090414,26,1,0.99,0.99,1,,
831,19,3,20090414,26,1,0.99,0.99,1,,
840,19,3,20090414,26,1,0.99,0.99,1,,
849,19,3,20090414,26,1,0.99,0.99,1,,
858,19,3,20090414,26,1,0.99,0.99,1,,
867,19,3,20090414,26,1,0.99,0.99,1,,
876,19,3,20090414,26,1,0.99,0.99,1,,
885,19,3,20090414,26,1,0.99,0.99,1,,
894,19,3,20090414,26,1,0.99,0.99,1,,
903,19,3,20090414,26,1,0.99,0.99,1,,
912,19,3,20090414,26,1,0.99,0.99,1,,
926,33,3,20090422,27,1,0.99,0.99,1,,
927,34,4,20090505,28,1,0.99,0.99,1,,
928,34,4,20090505,28,1,0.99,0.99,1,,
930,36,5,20090505,29,1,0.99,0.99,1,,
932,36,5,20090505,29,1,0.99,0.99,1,,
934,38,3,20090506,30,1,0.99,0.99,1,,
936,38,3,20090506,30,1,0.99,0.99,1,,
938,38,3,20090506,30,1,0.99,0.99,1,,
940,38,3,20090506,30,1,0.99,0.99,1,,
944,42,3,20090507,31,1,0.99,0.99,1,,
948,42,3,20090507,31,1,0.99,0.99,1,,
952,42,3,20090507,31,1,0.99,0.99,1,,
956,42,3,20090507,31,1,0.99,0.99,1,,
960,42,3,20090507,31,1,0.99,0.99,1,,
964,42,3,20090507,31,1,0.99,0.99,1,,
970,48,5,20090510,32,1,0.99,0.99,1,,
976,48,5,20090510,32,1,0.99,0.99,1,,
982,48,5,20090510,32,1,0.99,0.99,1,,
988,48,5,20090510,32,1,0.99,0.99,1,,
994,48,5,20090510,32,1,0.99,0.99,1,,
1000,48,5,20090510,32,1,0.99,0.99,1,,
1006,48,5,20090510,32,1,0.99,0.99,1,,
1012,48,5,20090510,32,1,0.99,0.99,1,,
1018,48,5,20090510,32,1,0.99,0.99,1,,
1027,57,5,20090515,33,1,0.99,0.99,1,,
1036,57,5,20090515,33,1,0.99,0.99,1,,
1045,57,5,20090515,33,1,0.99,0.99,1,,
1054,57,5,20090515,33,1,0.99,0.99,1,,
1063,57,5,20090515,33,1,0.99,0.99,1,,
1072,57,5,20090515,33,1,0.99,0.99,1,,
1081,57,5,20090515,33,1,0.99,0.99,1,,
1090,57,5,20090515,33,1,0.99,0.99,1,,
1099,57,5,20090515,33,1,0.99,0.99,1,,
1108,57,5,20090515,33,1,0.99,0.99,1,,
1117,57,5,20090515,33,1,0.99,0.99,1,,
1126,57,5,20090515,33,1,0.99,0.99,1,,
1135,57,5,20090515,33,1,0.99,0.99,1,,
1144,57,5,20090515,33,1,0.99,0.99,1,,
1158,12,3,20090523,34,1,0.99,0.99,1,,
1159,13,4,20090605,35,1,0.99,0.99,1,,
1160,13,4,20090605,35,1,0.99,0.99,1,,
1162,15,3,20090605,36,1,0.99,0.99,1,,
1164,15,3,20090605,36,1,0.99,0.99,1,,
1166,17,5,20090606,37,1,0.99,0.99,1,,
1168,17,5,20090606,37,1,0.99,0.99,1,,
1170,17,5,20090606,37,1,0.99,0.99,1,,
1172,17,5,20090606,37,1,0.99,0.99,1,,
1176,21,5,20090607,38,1,0.99,0.99,1,,
1180,21,5,20090607,38,1,0.99,0.99,1,,
1184,21,5,20090607,38,1,0.99,0.99,1,,
1188,21,5,20090607,38,1,0.99,0.99,1,,
1192,21,5,20090607,38,1,0.99,0.99,1,,
1196,21,5,20090607,38,1,0.99,0.99,1,,
1202,27,4,20090610,39,1,0.99,0.99,1,,
1208,27,4,20090610,39,1,0.99,0.99,1,,
1214,27,4,20090610,39,1,0.99,0.99,1,,
1220,27,4,20090610,39,1,0.99,0.99,1,,
1226,27,4,20090610,39,1,0.99,0.99,1,,
1232,27,4,20090610,39,1,0.99,0.99,1,,
1238,27,4,20090610,39,1,0.99,0.99,1,,
1244,27,4,20090610,39,1,0.99,0.99,1,,
1250,27,4,20090610,39,1,0.99,0.99,1,,
1259,36,5,20090615,40,1,0.99,0.99,1,,
1268,36,5,20090615,40,1,0.99,0.99,1,,
1277,36,5,20090615,40,1,0.99,0.99,1,,
1286,36,5,20090615,40,1,0.99,0.99,1,,
1295,36,5,20090615,40,1,0.99,0.99,1,,
1304,36,5,20090615,40,1,0.99,0.99,1,,
1313,36,5,20090615,40,1,0.99,0.99,1,,
1322,36,5,20090615,40,1,0.99,0.99,1,,
1331,36,5,20090615,40,1,0.99,0.99,1,,
1340,36,5,20090615,40,1,0.99,0.99,1,,
1349,36,5,20090615,40,1,0.99,0.99,1,,
1358,36,5,20090615,40,1,0.99,0.99,1,,
1367,36,5,20090615,40,1,0.99,0.99,1,,
1376,36,5,20090615,40,1,0.99,0.99,1,,
1390,50,5,20090623,41,1,0.99,0.99,1,,
1391,51,5,20090706,42,1,0.99,0.99,1,,
1392,51,5,20090706,42,1,0.99,0.99,1,,
1394,53,3,20090706,43,1,0.99,0.99,1,,
1396,53,3,20090706,43,1,0.99,0.99,1,,
1398,55,4,20090707,44,1,0.99,0.99,1,,
1400,55,4,20090707,44,1,0.99,0.99,1,,
1402,55,4,20090707,44,1,0.99,0.99,1,,
1404,55,4,20090707,44,1,0.99,0.99,1,,
1408,59,3,20090708,45,1,0.99,0.99,1,,
1412,59,3,20090708,45,1,0.99,0.99,1,,
1416,59,3,20090708,45,1,0.99,0.99,1,,
1420,59,3,20090708,45,1,0.99,0.99,1,,
1424,59,3,20090708,45,1,0.99,0.99,1,,
1428,59,3,20090708,45,1,0.99,0.99,1,,
1434,6,5,20090711,46,1,0.99,0.99,1,,
1440,6,5,20090711,46,1,0.99,0.99,1,,
1446,6,5,20090711,46,1,0.99,0.99,1,,
1452,6,5,20090711,46,1,0.99,0.99,1,,
1458,6,5,20090711,46,1,0.99,0.99,1,,
1464,6,5,20090711,46,1,0.99,0.99,1,,
1470,6,5,20090711,46,1,0.99,0.99,1,,
1476,6,5,20090711,46,1,0.99,0.99,1,,
1482,6,5,20090711,46,1,0.99,0.99,1,,
1491,15,3,20090716,47,1,0.99,0.99,1,,
1500,15,3,20090716,47,1,0.99,0.99,1,,
1509,15,3,20090716,47,1,0.99,0.99,1,,
1518,15,3,20090716,47,1,0.99,0.99,1,,
1527,15,3,20090716,47,1,0.99,0.99,1,,
1536,15,3,20090716,47,1,0.99,0.99,1,,
1545,15,3,20090716,47,1,0.99,0.99,1,,
1554,15,3,20090716,47,1,0.99,0.99,1,,
1563,15,3,20090716,47,1,0.99,0.99,1,,
1572,15,3,20090716,47,1,0.99,0.99,1,,
1581,15,3,20090716,47,1,0.99,0.99,1,,
1590,15,3,20090716,47,1,0.99,0.99,1,,
1599,15,3,20090716,47,1,0.99,0.99,1,,
1608,15,3,20090716,47,1,0.99,0.99,1,,
1622,29,3,20090724,48,1,0.99,0.99,1,,
1623,30,3,20090806,49,1,0.99,0.99,1,,
1624,30,3,20090806,49,1,0.99,0.99,1,,
1626,32,4,20090806,50,1,0.99,0.99,1,,
1628,32,4,20090806,50,1,0.99,0.99,1,,
1630,34,4,20090807,51,1,0.99,0.99,1,,
1632,34,4,20090807,51,1,0.99,0.99,1,,
1634,34,4,20090807,51,1,0.99,0.99,1,,
1636,34,4,20090807,51,1,0.99,0.99,1,,
1640,38,3,20090808,52,1,0.99,0.99,1,,
1644,38,3,20090808,52,1,0.99,0.99,1,,
1648,38,3,20090808,52,1,0.99,0.99,1,,
1652,38,3,20090808,52,1,0.99,0.99,1,,
1656,38,3,20090808,52,1,0.99,0.99,1,,
1660,38,3,20090808,52,1,0.99,0.99,1,,
1666,44,3,20090811,53,1,0.99,0.99,1,,
1672,44,3,20090811,53,1,0.99,0.99,1,,
1678,44,3,20090811,53,1,0.99,0.99,1,,
1684,44,3,20090811,53,1,0.99,0.99,1,,
1690,44,3,20090811,53,1,0.99,0.99,1,,
1696,44,3,20090811,53,1,0.99,0.99,1,,
1702,44,3,20090811,53,1,0.99,0.99,1,,
1708,44,3,20090811,53,1,0.99,0.99,1,,
1714,44,3,20090811,53,1,0.99,0.99,1,,
1723,53,3,20090816,54,1,0.99,0.99,1,,
1732,53,3,20090816,54,1,0.99,0.99,1,,
1741,53,3,20090816,54,1,0.99,0.99,1,,
1750,53,3,20090816,54,1,0.99,0.99,1,,
1759,53,3,20090816,54,1,0.99,0.99,1,,
1768,53,3,20090816,54,1,0.99,0.99,1,,
1777,53,3,20090816,54,1,0.99,0.99,1,,
1786,53,3,20090816,54,1,0.99,0.99,1,,
1795,53,3,20090816,54,1,0.99,0.99,1,,
1804,53,3,20090816,54,1,0.99,0.99,1,,
1813,53,3,20090816,54,1,0.99,0.99,1,,
1822,53,3,20090816,54,1,0.99,0.99,1,,
1831,53,3,20090816,54,1,0.99,0.99,1,,
1840,53,3,20090816,54,1,0.99,0.99,1,,
1854,8,4,20090824,55,1,0.99,0.99,1,,
1855,9,4,20090906,56,1,0.99,0.99,1,,
1856,9,4,20090906,56,1,0.99,0.99,1,,
1858,11,5,20090906,57,1,0.99,0.99,1,,
1860,11,5,20090906,57,1,0.99,0.99,1,,
1862,13,4,20090907,58,1,0.99,0.99,1,,
1864,13,4,20090907,58,1,0.99,0.99,1,,
1866,13,4,20090907,58,1,0.99,0.99,1,,
1868,13,4,20090907,58,1,0.99,0.99,1,,
1872,17,5,20090908,59,1,0.99,0.99,1,,
1876,17,5,20090908,59,1,0.99,0.99,1,,
1880,17,5,20090908,59,1,0.99,0.99,1,,
1884,17,5,20090908,59,1,0.99,0.99,1,,
1888,17,5,20090908,59,1,0.99,0.99,1,,
1892,17,5,20090908,59,1,0.99,0.99,1,,
1898,23,4,20090911,60,1,0.99,0.99,1,,
1904,23,4,20090911,60,1,0.99,0.99,1,,
1910,23,4,20090911,60,1,0.99,0.99,1,,
1916,23,4,20090911,60,1,0.99,0.99,1,,
1922,23,4,20090911,60,1,0.99,0.99,1,,
1928,23,4,20090911,60,1,0.99,0.99,1,,
1934,23,4,20090911,60,1,0.99,0.99,1,,
1940,23,4,20090911,60,1,0.99,0.99,1,,
1946,23,4,20090911,60,1,0.99,0.99,1,,
1955,32,4,20090916,61,1,0.99,0.99,1,,
1964,32,4,20090916,61,1,0.99,0.99,1,,
1973,32,4,20090916,61,1,0.99,0.99,1,,
1982,32,4,20090916,61,1,0.99,0.99,1,,
1991,32,4,20090916,61,1,0.99,0.99,1,,
2000,32,4,20090916,61,1,0.99,0.99,1,,
2009,32,4,20090916,61,1,0.99,0.99,1,,
2018,32,4,20090916,61,1,0.99,0.99,1,,
2027,32,4,20090916,61,1,0.99,0.99,1,,
2036,32,4,20090916,61,1,0.99,0.99,1,,
2045,32,4,20090916,61,1,0.99,0.99,1,,
2054,32,4,20090916,61,1,0.99,0.99,1,,
2063,32,4,20090916,61,1,0.99,0.99,1,,
2072,32,4,20090916,61,1,0.99,0.99,1,,
2086,46,3,20090924,62,1,0.99,0.99,1,,
2087,47,5,20091007,63,1,0.99,0.99,1,,
2088,47,5,20091007,63,1,0.99,0.99,1,,
2090,49,4,20091007,64,1,0.99,0.99,1,,
2092,49,4,20091007,64,1,0.99,0.99,1,,
2094,51,5,20091008,65,1,0.99,0.99,1,,
2096,51,5,20091008,65,1,0.99,0.99,1,,
2098,51,5,20091008,65,1,0.99,0.99,1,,
2100,51,5,20091008,65,1,0.99,0.99,1,,
2104,55,4,20091009,66,1,0.99,0.99,1,,
2108,55,4,20091009,66,1,0.99,0.99,1,,
2112,55,4,20091009,66,1,0.99,0.99,1,,
2116,55,4,20091009,66,1,0.99,0.99,1,,
2120,55,4,20091009,66,1,0.99,0.99,1,,
2124,55,4,20091009,66,1,0.99,0.99,1,,
2130,2,5,20091012,67,1,0.99,0.99,1,,
2136,2,5,20091012,67,1,0.99,0.99,1,,
2142,2,5,20091012,67,1,0.99,0.99,1,,
2148,2,5,20091012,67,1,0.99,0.99,1,,
2154,2,5,20091012,67,1,0.99,0.99,1,,
2160,2,5,20091012,67,1,0.99,0.99,1,,
2166,2,5,20091012,67,1,0.99,0.99,1,,
2172,2,5,20091012,67,1,0.99,0.99,1,,
2178,2,5,20091012,67,1,0.99,0.99,1,,
2187,11,5,20091017,68,1,0.99,0.99,1,,
2196,11,5,20091017,68,1,0.99,0.99,1,,
2205,11,5,20091017,68,1,0.99,0.99,1,,
2214,11,5,20091017,68,1,0.99,0.99,1,,
2223,11,5,20091017,68,1,0.99,0.99,1,,
2232,11,5,20091017,68,1,0.99,0.99,1,,
2241,11,5,20091017,68,1,0.99,0.99,1,,
2250,11,5,20091017,68,1,0.99,0.99,1,,
2259,11,5,20091017,68,1,0.99,0.99,1,,
2268,11,5,20091017,68,1,0.99,0.99,1,,
2277,11,5,20091017,68,1,0.99,0.99,1,,
2286,11,5,20091017,68,1,0.99,0.99,1,,
2295,11,5,20091017,68,1,0.99,0.99,1,,
2304,11,5,20091017,68,1,0.99,0.99,1,,
2318,25,5,20091025,69,1,0.99,0.99,1,,
2319,26,4,20091107,70,1,0.99,0.99,1,,
2320,26,4,20091107,70,1,0.99,0.99,1,,
2322,28,5,20091107,71,1,0.99,0.99,1,,
2324,28,5,20091107,71,1,0.99,0.99,1,,
2326,30,3,20091108,72,1,0.99,0.99,1,,
2328,30,3,20091108,72,1,0.99,0.99,1,,
2330,30,3,20091108,72,1,0.99,0.99,1,,
2332,30,3,20091108,72,1,0.99,0.99,1,,
2336,34,4,20091109,73,1,0.99,0.99,1,,
2340,34,4,20091109,73,1,0.99,0.99,1,,
2344,34,4,20091109,73,1,0.99,0.99,1,,
2348,34,4,20091109,73,1,0.99,0.99,1,,
2352,34,4,20091109,73,1,0.99,0.99,1,,
2356,34,4,20091109,73,1,0.99,0.99,1,,
2362,40,4,20091112,74,1,0.99,0.99,1,,
2368,40,4,20091112,74,1,0.99,0.99,1,,
2374,40,4,20091112,74,1,0.99,0.99,1,,
2380,40,4,20091112,74,1,0.99,0.99,1,,
2386,40,4,20091112,74,1,0.99,0.99,1,,
2392,40,4,20091112,74,1,0.99,0.99,1,,
2398,40,4,20091112,74,1,0.99,0.99,1,,
2404,40,4,20091112,74,1,0.99,0.99,1,,
2410,40,4,20091112,74,1,0.99,0.99,1,,
2419,49,4,20091117,75,1,0.99,0.99,1,,
2428,49,4,20091117,75,1,0.99,0.99,1,,
2437,49,4,20091117,75,1,0.99,0.99,1,,
2446,49,4,20091117,75,1,0.99,0.99,1,,
2455,49,4,20091117,75,1,0.99,0.99,1,,
2464,49,4,20091117,75,1,0.99,0.99,1,,
2473,49,4,20091117,75,1,0.99,0.99,1,,
2482,49,4,20091117,75,1,0.99,0.99,1,,
2491,49,4,20091117,75,1,0.99,0.99,1,,
2500,49,4,20091117,75,1,0.99,0.99,1,,
2509,49,4,20091117,75,1,0.99,0.99,1,,
2518,49,4,20091117,75,1,0.99,0.99,1,,
2527,49,4,20091117,75,1,0.99,0.99,1,,
2536,49,4,20091117,75,1,0.99,0.99,1,,
2550,4,4,20091125,76,1,0.99,0.99,1,,
2551,5,4,20091208,77,1,0.99,0.99,1,,
2552,5,4,20091208,77,1,0.99,0.99,1,,
2554,7,5,20091208,78,1,0.99,0.99,1,,
2556,7,5,20091208,78,1,0.99,0.99,1,,
2558,9,4,20091209,79,1,0.99,0.99,1,,
2560,9,4,20091209,79,1,0.99,0.99,1,,
2562,9,4,20091209,79,1,0.99,0.99,1,,
2564,9,4,20091209,79,1,0.99,0.99,1,,
2568,13,4,20091210,80,1,0.99,0.99,1,,
2572,13,4,20091210,80,1,0.99,0.99,1,,
2576,13,4,20091210,80,1,0.99,0.99,1,,
2580,13,4,20091210,80,1,0.99,0.99,1,,
2584,13,4,20091210,80,1,0.99,0.99,1,,
2588,13,4,20091210,80,1,0.99,0.99,1,,
2594,19,3,20091213,81,1,0.99,0.99,1,,
2600,19,3,20091213,81,1,0.99,0.99,1,,
2606,19,3,20091213,81,1,0.99,0.99,1,,
2612,19,3,20091213,81,1,0.99,0.99,1,,
2618,19,3,20091213,81,1,0.99,0.99,1,,
2624,19,3,20091213,81,1,0.99,0.99,1,,
2630,19,3,20091213,81,1,0.99,0.99,1,,
2636,19,3,20091213,81,1,0.99,0.99,1,,
2642,19,3,20091213,81,1,0.99,0.99,1,,
2651,28,5,20091218,82,1,0.99,0.99,1,,
2660,28,5,20091218,82,1,0.99,0.99,1,,
2669,28,5,20091218,82,1,0.99,0.99,1,,
2678,28,5,20091218,82,1,0.99,0.99,1,,
2687,28,5,20091218,82,1,0.99,0.99,1,,
2696,28,5,20091218,82,1,0.99,0.99,1,,
2705,28,5,20091218,82,1,0.99,0.99,1,,
2714,28,5,20091218,82,1,0.99,0.99,1,,
2723,28,5,20091218,82,1,0.99,0.99,1,,
2732,28,5,20091218,82,1,0.99,0.99,1,,
2741,28,5,20091218,82,1,0.99,0.99,1,,
2750,28,5,20091218,82,1,0.99,0.99,1,,
2759,28,5,20091218,82,1,0.99,0.99,1,,
2768,28,5,20091218,82,1,0.99,0.99,1,,
2782,42,3,20091226,83,1,0.99,0.99,1,,
2783,43,3,20100108,84,1,0.99,0.99,1,,
2784,43,3,20100108,84,1,0.99,0.99,1,,
2786,45,3,20100108,85,1,0.99,0.99,1,,
2788,45,3,20100108,85,1,0.99,0.99,1,,
2790,47,5,20100109,86,1,0.99,0.99,1,,
2792,47,5,20100109,86,1,0.99,0.99,1,,
2794,47,5,20100109,86,1,0.99,0.99,1,,
2796,47,5,20100109,86,1,0.99,0.99,1,,
2800,51,5,20100110,87,1,0.99,0.99,1,,
2804,51,5,20100110,87,1,0.99,0.99,1,,
2808,51,5,20100110,87,1,0.99,0.99,1,,
2812,51,5,20100110,87,1,0.99,0.99,1,,
2816,51,5,20100110,87,1,0.99,0.99,1,,
2820,51,5,20100110,87,1,1.99,1.99,1,,
2826,57,5,20100113,88,1,1.99,1.99,1,,
2832,57,5,20100113,88,1,1.99,1.99,1,,
2838,57,5,20100113,88,1,1.99,1.99,1,,
2844,57,5,20100113,88,1,1.99,1.99,1,,
2850,57,5,20100113,88,1,1.99,1.99,1,,
2856,57,5,20100113,88,1,1.99,1.99,1,,
2862,57,5,20100113,88,1,1.99,1.99,1,,
2868,57,5,20100113,88,1,1.99,1.99,1,,
2874,57,5,20100113,88,1,1.99,1.99,1,,
2883,7,5,20100118,89,1,1.99,1.99,1,,
2892,7,5,20100118,89,1,1.99,1.99,1,,
2901,7,5,20100118,89,1,1.99,1.99,1,,
2910,7,5,20100118,89,1,1.99,1.99,1,,
2919,7,5,20100118,89,1,1.99,1.99,1,,
2928,7,5,20100118,89,1,0.99,0.99,1,,
2937,7,5,20100118,89,1,0.99,0.99,1,,
2946,7,5,20100118,89,1,0.99,0.99,1,,
2955,7,5,20100118,89,1,0.99,0.99,1,,
2964,7,5,20100118,89,1,0.99,0.99,1,,
2973,7,5,20100118,89,1,0.99,0.99,1,,
2982,7,5,20100118,89,1,0.99,0.99,1,,
2991,7,5,20100118,89,1,0.99,0.99,1,,
3000,7,5,20100118,89,1,0.99,0.99,1,,
3014,21,5,20100126,90,1,0.99,0.99,1,,
3015,22,4,20100208,91,1,0.99,0.99,1,,
3016,22,4,20100208,91,1,0.99,0.99,1,,
3018,24,3,20100208,92,1,0.99,0.99,1,,
3020,24,3,20100208,92,1,0.99,0.99,1,,
3022,26,4,20100209,93,1,0.99,0.99,1,,
3024,26,4,20100209,93,1,0.99,0.99,1,,
3026,26,4,20100209,93,1,0.99,0.99,1,,
3028,26,4,20100209,93,1,0.99,0.99,1,,
3032,30,3,20100210,94,1,0.99,0.99,1,,
3036,30,3,20100210,94,1,0.99,0.99,1,,
3040,30,3,20100210,94,1,0.99,0.99,1,,
3044,30,3,20100210,94,1,0.99,0.99,1,,
3048,30,3,20100210,94,1,0.99,0.99,1,,
3052,30,3,20100210,94,1,0.99,0.99,1,,
3058,36,5,20100213,95,1,0.99,0.99,1,,
3064,36,5,20100213,95,1,0.99,0.99,1,,
3070,36,5,20100213,95,1,0.99,0.99,1,,
3076,36,5,20100213,95,1,0.99,0.99,1,,
3082,36,5,20100213,95,1,0.99,0.99,1,,
3088,36,5,20100213,95,1,0.99,0.99,1,,
3094,36,5,20100213,95,1,0.99,0.99,1,,
3100,36,5,20100213,95,1,0.99,0.99,1,,
3106,36,5,20100213,95,1,0.99,0.99,1,,
3115,45,3,20100218,96,1,0.99,0.99,1,,
3124,45,3,20100218,96,1,0.99,0.99,1,,
3133,45,3,20100218,96,1,0.99,0.99,1,,
3142,45,3,20100218,96,1,0.99,0.99,1,,
3151,45,3,20100218,96,1,0.99,0.99,1,,
3160,45,3,20100218,96,1,0.99,0.99,1,,
3169,45,3,20100218,96,1,1.99,1.99,1,,
3178,45,3,20100218,96,1,1.99,1.99,1,,
3187,45,3,20100218,96,1,1.99,1.99,1,,
3196,45,3,20100218,96,1,1.99,1.99,1,,
3205,45,3,20100218,96,1,1.99,1.99,1,,
3214,45,3,20100218,96,1,1.99,1.99,1,,
3223,45,3,20100218,96,1,1.99,1.99,1,,
3232,45,3,20100218,96,1,1.99,1.99,1,,
3246,59,3,20100226,97,1,1.99,1.99,1,,
3247,1,3,20100311,98,1,1.99,1.99,1,,
3248,1,3,20100311,98,1,1.99,1.99,1,,
3250,3,3,20100311,99,1,1.99,1.99,1,,
3252,3,3,20100311,99,1,1.99,1.99,1,,
3254,5,4,20100312,100,1,0.99,0.99,1,,
3256,5,4,20100312,100,1,0.99,0.99,1,,
3258,5,4,20100312,100,1,0.99,0.99,1,,
3260,5,4,20100312,100,1,0.99,0.99,1,,
3264,9,4,20100313,101,1,0.99,0.99,1,,
3268,9,4,20100313,101,1,0.99,0.99,1,,
3272,9,4,20100313,101,1,0.99,0.99,1,,
3276,9,4,20100313,101,1,0.99,0.99,1,,
3280,9,4,20100313,101,1,0.99,0.99,1,,
3284,9,4,20100313,101,1,0.99,0.99,1,,
3290,15,3,20100316,102,1,0.99,0.99,1,,
3296,15,3,20100316,102,1,0.99,0.99,1,,
3302,15,3,20100316,102,1,0.99,0.99,1,,
3308,15,3,20100316,102,1,0.99,0.99,1,,
3314,15,3,20100316,102,1,0.99,0.99,1,,
3320,15,3,20100316,102,1,0.99,0.99,1,,
3326,15,3,20100316,102,1,0.99,0.99,1,,
3332,15,3,20100316,102,1,0.99,0.99,1,,
3338,15,3,20100316,102,1,1.99,1.99,1,,
3347,24,3,20100321,103,1,1.99,1.99,1,,
3356,24,3,20100321,103,1,0.99,0.99,1,,
3365,24,3,20100321,103,1,0.99,0.99,1,,
3374,24,3,20100321,103,1,0.99,0.99,1,,
3383,24,3,20100321,103,1,0.99,0.99,1,,
3392,24,3,20100321,103,1,0.99,0.99,1,,
3401,24,3,20100321,103,1,0.99,0.99,1,,
3410,24,3,20100321,103,1,0.99,0.99,1,,
3419,24,3,20100321,103,1,0.99,0.99,1,,
3428,24,3,20100321,103,1,1.99,1.99,1,,
3437,24,3,20100321,103,1,0.99,0.99,1,,
3446,24,3,20100321,103,1,0.99,0.99,1,,
3455,24,3,20100321,103,1,0.99,0.99,1,,
3464,24,3,20100321,103,1,0.99,0.99,1,,
3478,38,3,20100329,104,1,0.99,0.99,1,,
3479,39,4,20100411,105,1,0.99,0.99,1,,
3480,39,4,20100411,105,1,0.99,0.99,1,,
3482,41,5,20100411,106,1,0.99,0.99,1,,
3484,41,5,20100411,106,1,0.99,0.99,1,,
3486,43,3,20100412,107,1,0.99,0.99,1,,
3488,43,3,20100412,107,1,0.99,0.99,1,,
3490,43,3,20100412,107,1,0.99,0.99,1,,
3492,43,3,20100412,107,1,0.99,0.99,1,,
3496,47,5,20100413,108,1,0.99,0.99,1,,
3500,47,5,20100413,108,1,0.99,0.99,1,,
1,47,5,20100413,108,1,0.99,0.99,1,,
5,47,5,20100413,108,1,0.99,0.99,1,,
9,47,5,20100413,108,1,0.99,0.99,1,,
13,47,5,20100413,108,1,0.99,0.99,1,,
19,53,3,20100416,109,1,0.99,0.99,1,,
25,53,3,20100416,109,1,0.99,0.99,1,,
31,53,3,20100416,109,1,0.99,0.99,1,,
37,53,3,20100416,109,1,0.99,0.99,1,,
43,53,3,20100416,109,1,0.99,0.99,1,,
49,53,3,20100416,109,1,0.99,0.99,1,,
55,53,3,20100416,109,1,0.99,0.99,1,,
61,53,3,20100416,109,1,0.99,0.99,1,,
67,53,3,20100416,109,1,0.99,0.99,1,,
76,3,3,20100421,110,1,0.99,0.99,1,,
85,3,3,20100421,110,1,0.99,0.99,1,,
94,3,3,20100421,110,1,0.99,0.99,1,,
103,3,3,20100421,110,1,0.99,0.99,1,,
112,3,3,20100421,110,1,0.99,0.99,1,,
121,3,3,20100421,110,1,0.99,0.99,1,,
130,3,3,20100421,110,1,0.99,0.99,1,,
139,3,3,20100421,110,1,0.99,0.99,1,,
148,3,3,20100421,110,1,0.99,0.99,1,,
157,3,3,20100421,110,1,0.99,0.99,1,,
166,3,3,20100421,110,1,0.99,0.99,1,,
175,3,3,20100421,110,1,0.99,0.99,1,,
184,3,3,20100421,110,1,0.99,0.99,1,,
193,3,3,20100421,110,1,0.99,0.99,1,,
207,17,5,20100429,111,1,0.99,0.99,1,,
208,18,3,20100512,112,1,0.99,0.99,1,,
209,18,3,20100512,112,1,0.99,0.99,1,,
211,20,4,20100512,113,1,0.99,0.99,1,,
213,20,4,20100512,113,1,0.99,0.99,1,,
215,22,4,20100513,114,1,0.99,0.99,1,,
217,22,4,20100513,114,1,0.99,0.99,1,,
219,22,4,20100513,114,1,0.99,0.99,1,,
221,22,4,20100513,114,1,0.99,0.99,1,,
225,26,4,20100514,115,1,0.99,0.99,1,,
229,26,4,20100514,115,1,0.99,0.99,1,,
233,26,4,20100514,115,1,0.99,0.99,1,,
237,26,4,20100514,115,1,0.99,0.99,1,,
241,26,4,20100514,115,1,0.99,0.99,1,,
245,26,4,20100514,115,1,0.99,0.99,1,,
251,32,4,20100517,116,1,0.99,0.99,1,,
257,32,4,20100517,116,1,0.99,0.99,1,,
263,32,4,20100517,116,1,0.99,0.99,1,,
269,32,4,20100517,116,1,0.99,0.99,1,,
275,32,4,20100517,116,1,0.99,0.99,1,,
281,32,4,20100517,116,1,0.99,0.99,1,,
287,32,4,20100517,116,1,0.99,0.99,1,,
293,32,4,20100517,116,1,0.99,0.99,1,,
299,32,4,20100517,116,1,0.99,0.99,1,,
308,41,5,20100522,117,1,0.99,0.99,1,,
317,41,5,20100522,117,1,0.99,0.99,1,,
326,41,5,20100522,117,1,0.99,0.99,1,,
335,41,5,20100522,117,1,0.99,0.99,1,,
344,41,5,20100522,117,1,0.99,0.99,1,,
353,41,5,20100522,117,1,0.99,0.99,1,,
362,41,5,20100522,117,1,0.99,0.99,1,,
371,41,5,20100522,117,1,0.99,0.99,1,,
380,41,5,20100522,117,1,0.99,0.99,1,,
389,41,5,20100522,117,1,0.99,0.99,1,,
398,41,5,20100522,117,1,0.99,0.99,1,,
407,41,5,20100522,117,1,0.99,0.99,1,,
416,41,5,20100522,117,1,0.99,0.99,1,,
425,41,5,20100522,117,1,0.99,0.99,1,,
439,55,4,20100530,118,1,0.99,0.99,1,,
440,56,4,20100612,119,1,0.99,0.99,1,,
441,56,4,20100612,119,1,0.99,0.99,1,,
443,58,3,20100612,120,1,0.99,0.99,1,,
445,58,3,20100612,120,1,0.99,0.99,1,,
447,1,3,20100613,121,1,0.99,0.99,1,,
449,1,3,20100613,121,1,0.99,0.99,1,,
451,1,3,20100613,121,1,0.99,0.99,1,,
453,1,3,20100613,121,1,0.99,0.99,1,,
457,5,4,20100614,122,1,0.99,0.99,1,,
461,5,4,20100614,122,1,0.99,0.99,1,,
465,5,4,20100614,122,1,0.99,0.99,1,,
469,5,4,20100614,122,1,0.99,0.99,1,,
473,5,4,20100614,122,1,0.99,0.99,1,,
477,5,4,20100614,122,1,0.99,0.99,1,,
483,11,5,20100617,123,1,0.99,0.99,1,,
489,11,5,20100617,123,1,0.99,0.99,1,,
495,11,5,20100617,123,1,0.99,0.99,1,,
501,11,5,20100617,123,1,0.99,0.99,1,,
507,11,5,20100617,123,1,0.99,0.99,1,,
513,11,5,20100617,123,1,0.99,0.99,1,,
519,11,5,20100617,123,1,0.99,0.99,1,,
525,11,5,20100617,123,1,0.99,0.99,1,,
531,11,5,20100617,123,1,0.99,0.99,1,,
540,20,4,20100622,124,1,0.99,0.99,1,,
549,20,4,20100622,124,1,0.99,0.99,1,,
558,20,4,20100622,124,1,0.99,0.99,1,,
567,20,4,20100622,124,1,0.99,0.99,1,,
576,20,4,20100622,124,1,0.99,0.99,1,,
585,20,4,20100622,124,1,0.99,0.99,1,,
594,20,4,20100622,124,1,0.99,0.99,1,,
603,20,4,20100622,124,1,0.99,0.99,1,,
612,20,4,20100622,124,1,0.99,0.99,1,,
621,20,4,20100622,124,1,0.99,0.99,1,,
630,20,4,20100622,124,1,0.99,0.99,1,,
639,20,4,20100622,124,1,0.99,0.99,1,,
648,20,4,20100622,124,1,0.99,0.99,1,,
657,20,4,20100622,124,1,0.99,0.99,1,,
671,34,4,20100630,125,1,0.99,0.99,1,,
672,35,4,20100713,126,1,0.99,0.99,1,,
673,35,4,20100713,126,1,0.99,0.99,1,,
675,37,3,20100713,127,1,0.99,0.99,1,,
677,37,3,20100713,127,1,0.99,0.99,1,,
679,39,4,20100714,128,1,0.99,0.99,1,,
681,39,4,20100714,128,1,0.99,0.99,1,,
683,39,4,20100714,128,1,0.99,0.99,1,,
685,39,4,20100714,128,1,0.99,0.99,1,,
689,43,3,20100715,129,1,0.99,0.99,1,,
693,43,3,20100715,129,1,0.99,0.99,1,,
697,43,3,20100715,129,1,0.99,0.99,1,,
701,43,3,20100715,129,1,0.99,0.99,1,,
705,43,3,20100715,129,1,0.99,0.99,1,,
709,43,3,20100715,129,1,0.99,0.99,1,,
715,49,4,20100718,130,1,0.99,0.99,1,,
721,49,4,20100718,130,1,0.99,0.99,1,,
727,49,4,20100718,130,1,0.99,0.99,1,,
733,49,4,20100718,130,1,0.99,0.99,1,,
739,49,4,20100718,130,1,0.99,0.99,1,,
745,49,4,20100718,130,1,0.99,0.99,1,,
751,49,4,20100718,130,1,0.99,0.99,1,,
757,49,4,20100718,130,1,0.99,0.99,1,,
763,49,4,20100718,130,1,0.99,0.99,1,,
772,58,3,20100723,131,1,0.99,0.99,1,,
781,58,3,20100723,131,1,0.99,0.99,1,,
790,58,3,20100723,131,1,0.99,0.99,1,,
799,58,3,20100723,131,1,0.99,0.99,1,,
808,58,3,20100723,131,1,0.99,0.99,1,,
817,58,3,20100723,131,1,0.99,0.99,1,,
826,58,3,20100723,131,1,0.99,0.99,1,,
835,58,3,20100723,131,1,0.99,0.99,1,,
844,58,3,20100723,131,1,0.99,0.99,1,,
853,58,3,20100723,131,1,0.99,0.99,1,,
862,58,3,20100723,131,1,0.99,0.99,1,,
871,58,3,20100723,131,1,0.99,0.99,1,,
880,58,3,20100723,131,1,0.99,0.99,1,,
889,58,3,20100723,131,1,0.99,0.99,1,,
903,13,4,20100731,132,1,0.99,0.99,1,,
904,14,5,20100813,133,1,0.99,0.99,1,,
905,14,5,20100813,133,1,0.99,0.99,1,,
907,16,4,20100813,134,1,0.99,0.99,1,,
909,16,4,20100813,134,1,0.99,0.99,1,,
911,18,3,20100814,135,1,0.99,0.99,1,,
913,18,3,20100814,135,1,0.99,0.99,1,,
915,18,3,20100814,135,1,0.99,0.99,1,,
917,18,3,20100814,135,1,0.99,0.99,1,,
921,22,4,20100815,136,1,0.99,0.99,1,,
925,22,4,20100815,136,1,0.99,0.99,1,,
929,22,4,20100815,136,1,0.99,0.99,1,,
933,22,4,20100815,136,1,0.99,0.99,1,,
937,22,4,20100815,136,1,0.99,0.99,1,,
941,22,4,20100815,136,1,0.99,0.99,1,,
947,28,5,20100818,137,1,0.99,0.99,1,,
953,28,5,20100818,137,1,0.99,0.99,1,,
959,28,5,20100818,137,1,0.99,0.99,1,,
965,28,5,20100818,137,1,0.99,0.99,1,,
971,28,5,20100818,137,1,0.99,0.99,1,,
977,28,5,20100818,137,1,0.99,0.99,1,,
983,28,5,20100818,137,1,0.99,0.99,1,,
989,28,5,20100818,137,1,0.99,0.99,1,,
995,28,5,20100818,137,1,0.99,0.99,1,,
1004,37,3,20100823,138,1,0.99,0.99,1,,
1013,37,3,20100823,138,1,0.99,0.99,1,,
1022,37,3,20100823,138,1,0.99,0.99,1,,
1031,37,3,20100823,138,1,0.99,0.99,1,,
1040,37,3,20100823,138,1,0.99,0.99,1,,
1049,37,3,20100823,138,1,0.99,0.99,1,,
1058,37,3,20100823,138,1,0.99,0.99,1,,
1067,37,3,20100823,138,1,0.99,0.99,1,,
1076,37,3,20100823,138,1,0.99,0.99,1,,
1085,37,3,20100823,138,1,0.99,0.99,1,,
1094,37,3,20100823,138,1,0.99,0.99,1,,
1103,37,3,20100823,138,1,0.99,0.99,1,,
1112,37,3,20100823,138,1,0.99,0.99,1,,
1121,37,3,20100823,138,1,0.99,0.99,1,,
1135,51,5,20100831,139,1,0.99,0.99,1,,
1136,52,3,20100913,140,1,0.99,0.99,1,,
1137,52,3,20100913,140,1,0.99,0.99,1,,
1139,54,5,20100913,141,1,0.99,0.99,1,,
1141,54,5,20100913,141,1,0.99,0.99,1,,
1143,56,4,20100914,142,1,0.99,0.99,1,,
1145,56,4,20100914,142,1,0.99,0.99,1,,
1147,56,4,20100914,142,1,0.99,0.99,1,,
1149,56,4,20100914,142,1,0.99,0.99,1,,
1153,1,3,20100915,143,1,0.99,0.99,1,,
1157,1,3,20100915,143,1,0.99,0.99,1,,
1161,1,3,20100915,143,1,0.99,0.99,1,,
1165,1,3,20100915,143,1,0.99,0.99,1,,
1169,1,3,20100915,143,1,0.99,0.99,1,,
1173,1,3,20100915,143,1,0.99,0.99,1,,
1179,7,5,20100918,144,1,0.99,0.99,1,,
1185,7,5,20100918,144,1,0.99,0.99,1,,
1191,7,5,20100918,144,1,0.99,0.99,1,,
1197,7,5,20100918,144,1,0.99,0.99,1,,
1203,7,5,20100918,144,1,0.99,0.99,1,,
1209,7,5,20100918,144,1,0.99,0.99,1,,
1215,7,5,20100918,144,1,0.99,0.99,1,,
1221,7,5,20100918,144,1,0.99,0.99,1,,
1227,7,5,20100918,144,1,0.99,0.99,1,,
1236,16,4,20100923,145,1,0.99,0.99,1,,
1245,16,4,20100923,145,1,0.99,0.99,1,,
1254,16,4,20100923,145,1,0.99,0.99,1,,
1263,16,4,20100923,145,1,0.99,0.99,1,,
1272,16,4,20100923,145,1,0.99,0.99,1,,
1281,16,4,20100923,145,1,0.99,0.99,1,,
1290,16,4,20100923,145,1,0.99,0.99,1,,
1299,16,4,20100923,145,1,0.99,0.99,1,,
1308,16,4,20100923,145,1,0.99,0.99,1,,
1317,16,4,20100923,145,1,0.99,0.99,1,,
1326,16,4,20100923,145,1,0.99,0.99,1,,
1335,16,4,20100923,145,1,0.99,0.99,1,,
1344,16,4,20100923,145,1,0.99,0.99,1,,
1353,16,4,20100923,145,1,0.99,0.99,1,,
1367,30,3,20101001,146,1,0.99,0.99,1,,
1368,31,5,20101014,147,1,0.99,0.99,1,,
1369,31,5,20101014,147,1,0.99,0.99,1,,
1371,33,3,20101014,148,1,0.99,0.99,1,,
1373,33,3,20101014,148,1,0.99,0.99,1,,
1375,35,4,20101015,149,1,0.99,0.99,1,,
1377,35,4,20101015,149,1,0.99,0.99,1,,
1379,35,4,20101015,149,1,0.99,0.99,1,,
1381,35,4,20101015,149,1,0.99,0.99,1,,
1385,39,4,20101016,150,1,0.99,0.99,1,,
1389,39,4,20101016,150,1,0.99,0.99,1,,
1393,39,4,20101016,150,1,0.99,0.99,1,,
1397,39,4,20101016,150,1,0.99,0.99,1,,
1401,39,4,20101016,150,1,0.99,0.99,1,,
1405,39,4,20101016,150,1,0.99,0.99,1,,
1411,45,3,20101019,151,1,0.99,0.99,1,,
1417,45,3,20101019,151,1,0.99,0.99,1,,
1423,45,3,20101019,151,1,0.99,0.99,1,,
1429,45,3,20101019,151,1,0.99,0.99,1,,
1435,45,3,20101019,151,1,0.99,0.99,1,,
1441,45,3,20101019,151,1,0.99,0.99,1,,
1447,45,3,20101019,151,1,0.99,0.99,1,,
1453,45,3,20101019,151,1,0.99,0.99,1,,
1459,45,3,20101019,151,1,0.99,0.99,1,,
1468,54,5,20101024,152,1,0.99,0.99,1,,
1477,54,5,20101024,152,1,0.99,0.99,1,,
1486,54,5,20101024,152,1,0.99,0.99,1,,
1495,54,5,20101024,152,1,0.99,0.99,1,,
1504,54,5,20101024,152,1,0.99,0.99,1,,
1513,54,5,20101024,152,1,0.99,0.99,1,,
1522,54,5,20101024,152,1,0.99,0.99,1,,
1531,54,5,20101024,152,1,0.99,0.99,1,,
1540,54,5,20101024,152,1,0.99,0.99,1,,
1549,54,5,20101024,152,1,0.99,0.99,1,,
1558,54,5,20101024,152,1,0.99,0.99,1,,
1567,54,5,20101024,152,1,0.99,0.99,1,,
1576,54,5,20101024,152,1,0.99,0.99,1,,
1585,54,5,20101024,152,1,0.99,0.99,1,,
1599,9,4,20101101,153,1,0.99,0.99,1,,
1600,10,4,20101114,154,1,0.99,0.99,1,,
1601,10,4,20101114,154,1,0.99,0.99,1,,
1603,12,3,20101114,155,1,0.99,0.99,1,,
1605,12,3,20101114,155,1,0.99,0.99,1,,
1607,14,5,20101115,156,1,0.99,0.99,1,,
1609,14,5,20101115,156,1,0.99,0.99,1,,
1611,14,5,20101115,156,1,0.99,0.99,1,,
1613,14,5,20101115,156,1,0.99,0.99,1,,
1617,18,3,20101116,157,1,0.99,0.99,1,,
1621,18,3,20101116,157,1,0.99,0.99,1,,
1625,18,3,20101116,157,1,0.99,0.99,1,,
1629,18,3,20101116,157,1,0.99,0.99,1,,
1633,18,3,20101116,157,1,0.99,0.99,1,,
1637,18,3,20101116,157,1,0.99,0.99,1,,
1643,24,3,20101119,158,1,0.99,0.99,1,,
1649,24,3,20101119,158,1,0.99,0.99,1,,
1655,24,3,20101119,158,1,0.99,0.99,1,,
1661,24,3,20101119,158,1,0.99,0.99,1,,
1667,24,3,20101119,158,1,0.99,0.99,1,,
1673,24,3,20101119,158,1,0.99,0.99,1,,
1679,24,3,20101119,158,1,0.99,0.99,1,,
1685,24,3,20101119,158,1,0.99,0.99,1,,
1691,24,3,20101119,158,1,0.99,0.99,1,,
1700,33,3,20101124,159,1,0.99,0.99,1,,
1709,33,3,20101124,159,1,0.99,0.99,1,,
1718,33,3,20101124,159,1,0.99,0.99,1,,
1727,33,3,20101124,159,1,0.99,0.99,1,,
1736,33,3,20101124,159,1,0.99,0.99,1,,
1745,33,3,20101124,159,1,0.99,0.99,1,,
1754,33,3,20101124,159,1,0.99,0.99,1,,
1763,33,3,20101124,159,1,0.99,0.99,1,,
1772,33,3,20101124,159,1,0.99,0.99,1,,
1781,33,3,20101124,159,1,0.99,0.99,1,,
1790,33,3,20101124,159,1,0.99,0.99,1,,
1799,33,3,20101124,159,1,0.99,0.99,1,,
1808,33,3,20101124,159,1,0.99,0.99,1,,
1817,33,3,20101124,159,1,0.99,0.99,1,,
1831,47,5,20101202,160,1,0.99,0.99,1,,
1832,48,5,20101215,161,1,0.99,0.99,1,,
1833,48,5,20101215,161,1,0.99,0.99,1,,
1835,50,5,20101215,162,1,0.99,0.99,1,,
1837,50,5,20101215,162,1,0.99,0.99,1,,
1839,52,3,20101216,163,1,0.99,0.99,1,,
1841,52,3,20101216,163,1,0.99,0.99,1,,
1843,52,3,20101216,163,1,0.99,0.99,1,,
1845,52,3,20101216,163,1,0.99,0.99,1,,
1849,56,4,20101217,164,1,0.99,0.99,1,,
1853,56,4,20101217,164,1,0.99,0.99,1,,
1857,56,4,20101217,164,1,0.99,0.99,1,,
1861,56,4,20101217,164,1,0.99,0.99,1,,
1865,56,4,20101217,164,1,0.99,0.99,1,,
1869,56,4,20101217,164,1,0.99,0.99,1,,
1875,3,3,20101220,165,1,0.99,0.99,1,,
1881,3,3,20101220,165,1,0.99,0.99,1,,
1887,3,3,20101220,165,1,0.99,0.99,1,,
1893,3,3,20101220,165,1,0.99,0.99,1,,
1899,3,3,20101220,165,1,0.99,0.99,1,,
1905,3,3,20101220,165,1,0.99,0.99,1,,
1911,3,3,20101220,165,1,0.99,0.99,1,,
1917,3,3,20101220,165,1,0.99,0.99,1,,
1923,3,3,20101220,165,1,0.99,0.99,1,,
1932,12,3,20101225,166,1,0.99,0.99,1,,
1941,12,3,20101225,166,1,0.99,0.99,1,,
1950,12,3,20101225,166,1,0.99,0.99,1,,
1959,12,3,20101225,166,1,0.99,0.99,1,,
1968,12,3,20101225,166,1,0.99,0.99,1,,
1977,12,3,20101225,166,1,0.99,0.99,1,,
1986,12,3,20101225,166,1,0.99,0.99,1,,
1995,12,3,20101225,166,1,0.99,0.99,1,,
2004,12,3,20101225,166,1,0.99,0.99,1,,
2013,12,3,20101225,166,1,0.99,0.99,1,,
2022,12,3,20101225,166,1,0.99,0.99,1,,
2031,12,3,20101225,166,1,0.99,0.99,1,,
2040,12,3,20101225,166,1,0.99,0.99,1,,
2049,12,3,20101225,166,1,0.99,0.99,1,,
2063,26,4,20110102,167,1,0.99,0.99,1,,
2064,27,4,20110115,168,1,0.99,0.99,1,,
2065,27,4,20110115,168,1,0.99,0.99,1,,
2067,29,3,20110115,169,1,0.99,0.99,1,,
2069,29,3,20110115,169,1,0.99,0.99,1,,
2071,31,5,20110116,170,1,0.99,0.99,1,,
2073,31,5,20110116,170,1,0.99,0.99,1,,
2075,31,5,20110116,170,1,0.99,0.99,1,,
2077,31,5,20110116,170,1,0.99,0.99,1,,
2081,35,4,20110117,171,1,0.99,0.99,1,,
2085,35,4,20110117,171,1,0.99,0.99,1,,
2089,35,4,20110117,171,1,0.99,0.99,1,,
2093,35,4,20110117,171,1,0.99,0.99,1,,
2097,35,4,20110117,171,1,0.99,0.99,1,,
2101,35,4,20110117,171,1,0.99,0.99,1,,
2107,41,5,20110120,172,1,0.99,0.99,1,,
2113,41,5,20110120,172,1,0.99,0.99,1,,
2119,41,5,20110120,172,1,0.99,0.99,1,,
2125,41,5,20110120,172,1,0.99,0.99,1,,
2131,41,5,20110120,172,1,0.99,0.99,1,,
2137,41,5,20110120,172,1,0.99,0.99,1,,
2143,41,5,20110120,172,1,0.99,0.99,1,,
2149,41,5,20110120,172,1,0.99,0.99,1,,
2155,41,5,20110120,172,1,0.99,0.99,1,,
2164,50,5,20110125,173,1,0.99,0.99,1,,
2173,50,5,20110125,173,1,0.99,0.99,1,,
2182,50,5,20110125,173,1,0.99,0.99,1,,
2191,50,5,20110125,173,1,0.99,0.99,1,,
2200,50,5,20110125,173,1,0.99,0.99,1,,
2209,50,5,20110125,173,1,0.99,0.99,1,,
2218,50,5,20110125,173,1,0.99,0.99,1,,
2227,50,5,20110125,173,1,0.99,0.99,1,,
2236,50,5,20110125,173,1,0.99,0.99,1,,
2245,50,5,20110125,173,1,0.99,0.99,1,,
2254,50,5,20110125,173,1,0.99,0.99,1,,
2263,50,5,20110125,173,1,0.99,0.99,1,,
2272,50,5,20110125,173,1,0.99,0.99,1,,
2281,50,5,20110125,173,1,0.99,0.99,1,,
2295,5,4,20110202,174,1,0.99,0.99,1,,
2296,6,5,20110215,175,1,0.99,0.99,1,,
2297,6,5,20110215,175,1,0.99,0.99,1,,
2299,8,4,20110215,176,1,0.99,0.99,1,,
2301,8,4,20110215,176,1,0.99,0.99,1,,
2303,10,4,20110216,177,1,0.99,0.99,1,,
2305,10,4,20110216,177,1,0.99,0.99,1,,
2307,10,4,20110216,177,1,0.99,0.99,1,,
2309,10,4,20110216,177,1,0.99,0.99,1,,
2313,14,5,20110217,178,1,0.99,0.99,1,,
2317,14,5,20110217,178,1,0.99,0.99,1,,
2321,14,5,20110217,178,1,0.99,0.99,1,,
2325,14,5,20110217,178,1,0.99,0.99,1,,
2329,14,5,20110217,178,1,0.99,0.99,1,,
2333,14,5,20110217,178,1,0.99,0.99,1,,
2339,20,4,20110220,179,1,0.99,0.99,1,,
2345,20,4,20110220,179,1,0.99,0.99,1,,
2351,20,4,20110220,179,1,0.99,0.99,1,,
2357,20,4,20110220,179,1,0.99,0.99,1,,
2363,20,4,20110220,179,1,0.99,0.99,1,,
2369,20,4,20110220,179,1,0.99,0.99,1,,
2375,20,4,20110220,179,1,0.99,0.99,1,,
2381,20,4,20110220,179,1,0.99,0.99,1,,
2387,20,4,20110220,179,1,0.99,0.99,1,,
2396,29,3,20110225,180,1,0.99,0.99,1,,
2405,29,3,20110225,180,1,0.99,0.99,1,,
2414,29,3,20110225,180,1,0.99,0.99,1,,
2423,29,3,20110225,180,1,0.99,0.99,1,,
2432,29,3,20110225,180,1,0.99,0.99,1,,
2441,29,3,20110225,180,1,0.99,0.99,1,,
2450,29,3,20110225,180,1,0.99,0.99,1,,
2459,29,3,20110225,180,1,0.99,0.99,1,,
2468,29,3,20110225,180,1,0.99,0.99,1,,
2477,29,3,20110225,180,1,0.99,0.99,1,,
2486,29,3,20110225,180,1,0.99,0.99,1,,
2495,29,3,20110225,180,1,0.99,0.99,1,,
2504,29,3,20110225,180,1,0.99,0.99,1,,
2513,29,3,20110225,180,1,0.99,0.99,1,,
2527,43,3,20110305,181,1,0.99,0.99,1,,
2528,44,3,20110318,182,1,0.99,0.99,1,,
2529,44,3,20110318,182,1,0.99,0.99,1,,
2531,46,3,20110318,183,1,0.99,0.99,1,,
2533,46,3,20110318,183,1,0.99,0.99,1,,
2535,48,5,20110319,184,1,0.99,0.99,1,,
2537,48,5,20110319,184,1,0.99,0.99,1,,
2539,48,5,20110319,184,1,0.99,0.99,1,,
2541,48,5,20110319,184,1,0.99,0.99,1,,
2545,52,3,20110320,185,1,0.99,0.99,1,,
2549,52,3,20110320,185,1,0.99,0.99,1,,
2553,52,3,20110320,185,1,0.99,0.99,1,,
2557,52,3,20110320,185,1,0.99,0.99,1,,
2561,52,3,20110320,185,1,0.99,0.99,1,,
2565,52,3,20110320,185,1,0.99,0.99,1,,
2571,58,3,20110323,186,1,0.99,0.99,1,,
2577,58,3,20110323,186,1,0.99,0.99,1,,
2583,58,3,20110323,186,1,0.99,0.99,1,,
2589,58,3,20110323,186,1,0.99,0.99,1,,
2595,58,3,20110323,186,1,0.99,0.99,1,,
2601,58,3,20110323,186,1,0.99,0.99,1,,
2607,58,3,20110323,186,1,0.99,0.99,1,,
2613,58,3,20110323,186,1,0.99,0.99,1,,
2619,58,3,20110323,186,1,0.99,0.99,1,,
2628,8,4,20110328,187,1,0.99,0.99,1,,
2637,8,4,20110328,187,1,0.99,0.99,1,,
2646,8,4,20110328,187,1,0.99,0.99,1,,
2655,8,4,20110328,187,1,0.99,0.99,1,,
2664,8,4,20110328,187,1,0.99,0.99,1,,
2673,8,4,20110328,187,1,0.99,0.99,1,,
2682,8,4,20110328,187,1,0.99,0.99,1,,
2691,8,4,20110328,187,1,0.99,0.99,1,,
2700,8,4,20110328,187,1,0.99,0.99,1,,
2709,8,4,20110328,187,1,0.99,0.99,1,,
2718,8,4,20110328,187,1,0.99,0.99,1,,
2727,8,4,20110328,187,1,0.99,0.99,1,,
2736,8,4,20110328,187,1,0.99,0.99,1,,
2745,8,4,20110328,187,1,0.99,0.99,1,,
2759,22,4,20110405,188,1,0.99,0.99,1,,
2760,23,4,20110418,189,1,0.99,0.99,1,,
2761,23,4,20110418,189,1,0.99,0.99,1,,
2763,25,5,20110418,190,1,0.99,0.99,1,,
2765,25,5,20110418,190,1,0.99,0.99,1,,
2767,27,4,20110419,191,1,0.99,0.99,1,,
2769,27,4,20110419,191,1,0.99,0.99,1,,
2771,27,4,20110419,191,1,0.99,0.99,1,,
2773,27,4,20110419,191,1,0.99,0.99,1,,
2777,31,5,20110420,192,1,0.99,0.99,1,,
2781,31,5,20110420,192,1,0.99,0.99,1,,
2785,31,5,20110420,192,1,0.99,0.99,1,,
2789,31,5,20110420,192,1,0.99,0.99,1,,
2793,31,5,20110420,192,1,0.99,0.99,1,,
2797,31,5,20110420,192,1,0.99,0.99,1,,
2803,37,3,20110423,193,1,0.99,0.99,1,,
2809,37,3,20110423,193,1,0.99,0.99,1,,
2815,37,3,20110423,193,1,0.99,0.99,1,,
2821,37,3,20110423,193,1,1.99,1.99,1,,
2827,37,3,20110423,193,1,1.99,1.99,1,,
2833,37,3,20110423,193,1,1.99,1.99,1,,
2839,37,3,20110423,193,1,1.99,1.99,1,,
2845,37,3,20110423,193,1,1.99,1.99,1,,
2851,37,3,20110423,193,1,1.99,1.99,1,,
2860,46,3,20110428,194,1,1.99,1.99,1,,
2869,46,3,20110428,194,1,1.99,1.99,1,,
2878,46,3,20110428,194,1,1.99,1.99,1,,
2887,46,3,20110428,194,1,1.99,1.99,1,,
2896,46,3,20110428,194,1,1.99,1.99,1,,
2905,46,3,20110428,194,1,1.99,1.99,1,,
2914,46,3,20110428,194,1,1.99,1.99,1,,
2923,46,3,20110428,194,1,1.99,1.99,1,,
2932,46,3,20110428,194,1,0.99,0.99,1,,
2941,46,3,20110428,194,1,0.99,0.99,1,,
2950,46,3,20110428,194,1,0.99,0.99,1,,
2959,46,3,20110428,194,1,0.99,0.99,1,,
2968,46,3,20110428,194,1,0.99,0.99,1,,
2977,46,3,20110428,194,1,0.99,0.99,1,,
2991,1,3,20110506,195,1,0.99,0.99,1,,
2992,2,5,20110519,196,1,0.99,0.99,1,,
2993,2,5,20110519,196,1,0.99,0.99,1,,
2995,4,4,20110519,197,1,0.99,0.99,1,,
2997,4,4,20110519,197,1,0.99,0.99,1,,
2999,6,5,20110520,198,1,0.99,0.99,1,,
3001,6,5,20110520,198,1,0.99,0.99,1,,
3003,6,5,20110520,198,1,0.99,0.99,1,,
3005,6,5,20110520,198,1,0.99,0.99,1,,
3009,10,4,20110521,199,1,0.99,0.99,1,,
3013,10,4,20110521,199,1,0.99,0.99,1,,
3017,10,4,20110521,199,1,0.99,0.99,1,,
3021,10,4,20110521,199,1,0.99,0.99,1,,
3025,10,4,20110521,199,1,0.99,0.99,1,,
3029,10,4,20110521,199,1,0.99,0.99,1,,
3035,16,4,20110524,200,1,0.99,0.99,1,,
3041,16,4,20110524,200,1,0.99,0.99,1,,
3047,16,4,20110524,200,1,0.99,0.99,1,,
3053,16,4,20110524,200,1,0.99,0.99,1,,
3059,16,4,20110524,200,1,0.99,0.99,1,,
3065,16,4,20110524,200,1,0.99,0.99,1,,
3071,16,4,20110524,200,1,0.99,0.99,1,,
3077,16,4,20110524,200,1,0.99,0.99,1,,
3083,16,4,20110524,200,1,0.99,0.99,1,,
3092,25,5,20110529,201,1,0.99,0.99,1,,
3101,25,5,20110529,201,1,0.99,0.99,1,,
3110,25,5,20110529,201,1,0.99,0.99,1,,
3119,25,5,20110529,201,1,0.99,0.99,1,,
3128,25,5,20110529,201,1,0.99,0.99,1,,
3137,25,5,20110529,201,1,0.99,0.99,1,,
3146,25,5,20110529,201,1,0.99,0.99,1,,
3155,25,5,20110529,201,1,0.99,0.99,1,,
3164,25,5,20110529,201,1,0.99,0.99,1,,
3173,25,5,20110529,201,1,1.99,1.99,1,,
3182,25,5,20110529,201,1,1.99,1.99,1,,
3191,25,5,20110529,201,1,1.99,1.99,1,,
3200,25,5,20110529,201,1,1.99,1.99,1,,
3209,25,5,20110529,201,1,1.99,1.99,1,,
3223,39,4,20110606,202,1,1.99,1.99,1,,
3224,40,4,20110619,203,1,1.99,1.99,1,,
3225,40,4,20110619,203,1,0.99,0.99,1,,
3227,42,3,20110619,204,1,1.99,1.99,1,,
3229,42,3,20110619,204,1,1.99,1.99,1,,
3231,44,3,20110620,205,1,1.99,1.99,1,,
3233,44,3,20110620,205,1,1.99,1.99,1,,
3235,44,3,20110620,205,1,1.99,1.99,1,,
3237,44,3,20110620,205,1,1.99,1.99,1,,
3241,48,5,20110621,206,1,1.99,1.99,1,,
3245,48,5,20110621,206,1,1.99,1.99,1,,
3249,48,5,20110621,206,1,1.99,1.99,1,,
3253,48,5,20110621,206,1,0.99,0.99,1,,
3257,48,5,20110621,206,1,0.99,0.99,1,,
3261,48,5,20110621,206,1,0.99,0.99,1,,
3267,54,5,20110624,207,1,0.99,0.99,1,,
3273,54,5,20110624,207,1,0.99,0.99,1,,
3279,54,5,20110624,207,1,0.99,0.99,1,,
3285,54,5,20110624,207,1,0.99,0.99,1,,
3291,54,5,20110624,207,1,0.99,0.99,1,,
3297,54,5,20110624,207,1,0.99,0.99,1,,
3303,54,5,20110624,207,1,0.99,0.99,1,,
3309,54,5,20110624,207,1,0.99,0.99,1,,
3315,54,5,20110624,207,1,0.99,0.99,1,,
3324,4,4,20110629,208,1,0.99,0.99,1,,
3333,4,4,20110629,208,1,0.99,0.99,1,,
3342,4,4,20110629,208,1,1.99,1.99,1,,
3351,4,4,20110629,208,1,0.99,0.99,1,,
3360,4,4,20110629,208,1,1.99,1.99,1,,
3369,4,4,20110629,208,1,0.99,0.99,1,,
3378,4,4,20110629,208,1,0.99,0.99,1,,
3387,4,4,20110629,208,1,0.99,0.99,1,,
3396,4,4,20110629,208,1,0.99,0.99,1,,
3405,4,4,20110629,208,1,0.99,0.99,1,,
3414,4,4,20110629,208,1,0.99,0.99,1,,
3423,4,4,20110629,208,1,0.99,0.99,1,,
3432,4,4,20110629,208,1,0.99,0.99,1,,
3441,4,4,20110629,208,1,0.99,0.99,1,,
3455,18,3,20110707,209,1,0.99,0.99,1,,
3456,19,3,20110720,210,1,0.99,0.99,1,,
3457,19,3,20110720,210,1,0.99,0.99,1,,
3459,21,5,20110720,211,1,0.99,0.99,1,,
3461,21,5,20110720,211,1,0.99,0.99,1,,
3463,23,4,20110721,212,1,0.99,0.99,1,,
3465,23,4,20110721,212,1,0.99,0.99,1,,
3467,23,4,20110721,212,1,0.99,0.99,1,,
3469,23,4,20110721,212,1,0.99,0.99,1,,
3473,27,4,20110722,213,1,0.99,0.99,1,,
3477,27,4,20110722,213,1,0.99,0.99,1,,
3481,27,4,20110722,213,1,0.99,0.99,1,,
3485,27,4,20110722,213,1,0.99,0.99,1,,
3489,27,4,20110722,213,1,0.99,0.99,1,,
3493,27,4,20110722,213,1,0.99,0.99,1,,
3499,33,3,20110725,214,1,0.99,0.99,1,,
2,33,3,20110725,214,1,0.99,0.99,1,,
8,33,3,20110725,214,1,0.99,0.99,1,,
14,33,3,20110725,214,1,0.99,0.99,1,,
20,33,3,20110725,214,1,0.99,0.99,1,,
26,33,3,20110725,214,1,0.99,0.99,1,,
32,33,3,20110725,214,1,0.99,0.99,1,,
38,33,3,20110725,214,1,0.99,0.99,1,,
44,33,3,20110725,214,1,0.99,0.99,1,,
53,42,3,20110730,215,1,0.99,0.99,1,,
62,42,3,20110730,215,1,0.99,0.99,1,,
71,42,3,20110730,215,1,0.99,0.99,1,,
80,42,3,20110730,215,1,0.99,0.99,1,,
89,42,3,20110730,215,1,0.99,0.99,1,,
98,42,3,20110730,215,1,0.99,0.99,1,,
107,42,3,20110730,215,1,0.99,0.99,1,,
116,42,3,20110730,215,1,0.99,0.99,1,,
125,42,3,20110730,215,1,0.99,0.99,1,,
134,42,3,20110730,215,1,0.99,0.99,1,,
143,42,3,20110730,215,1,0.99,0.99,1,,
152,42,3,20110730,215,1,0.99,0.99,1,,
161,42,3,20110730,215,1,0.99,0.99,1,,
170,42,3,20110730,215,1,0.99,0.99,1,,
184,56,4,20110807,216,1,0.99,0.99,1,,
185,57,5,20110820,217,1,0.99,0.99,1,,
186,57,5,20110820,217,1,0.99,0.99,1,,
188,59,3,20110820,218,1,0.99,0.99,1,,
190,59,3,20110820,218,1,0.99,0.99,1,,
192,2,5,20110821,219,1,0.99,0.99,1,,
194,2,5,20110821,219,1,0.99,0.99,1,,
196,2,5,20110821,219,1,0.99,0.99,1,,
198,2,5,20110821,219,1,0.99,0.99,1,,
202,6,5,20110822,220,1,0.99,0.99,1,,
206,6,5,20110822,220,1,0.99,0.99,1,,
210,6,5,20110822,220,1,0.99,0.99,1,,
214,6,5,20110822,220,1,0.99,0.99,1,,
218,6,5,20110822,220,1,0.99,0.99,1,,
222,6,5,20110822,220,1,0.99,0.99,1,,
228,12,3,20110825,221,1,0.99,0.99,1,,
234,12,3,20110825,221,1,0.99,0.99,1,,
240,12,3,20110825,221,1,0.99,0.99,1,,
246,12,3,20110825,221,1,0.99,0.99,1,,
252,12,3,20110825,221,1,0.99,0.99,1,,
258,12,3,20110825,221,1,0.99,0.99,1,,
264,12,3,20110825,221,1,0.99,0.99,1,,
270,12,3,20110825,221,1,0.99,0.99,1,,
276,12,3,20110825,221,1,0.99,0.99,1,,
285,21,5,20110830,222,1,0.99,0.99,1,,
294,21,5,20110830,222,1,0.99,0.99,1,,
303,21,5,20110830,222,1,0.99,0.99,1,,
312,21,5,20110830,222,1,0.99,0.99,1,,
321,21,5,20110830,222,1,0.99,0.99,1,,
330,21,5,20110830,222,1,0.99,0.99,1,,
339,21,5,20110830,222,1,0.99,0.99,1,,
348,21,5,20110830,222,1,0.99,0.99,1,,
357,21,5,20110830,222,1,0.99,0.99,1,,
366,21,5,20110830,222,1,0.99,0.99,1,,
375,21,5,20110830,222,1,0.99,0.99,1,,
384,21,5,20110830,222,1,0.99,0.99,1,,
393,21,5,20110830,222,1,0.99,0.99,1,,
402,21,5,20110830,222,1,0.99,0.99,1,,
416,35,4,20110907,223,1,0.99,0.99,1,,
417,36,5,20110920,224,1,0.99,0.99,1,,
418,36,5,20110920,224,1,0.99,0.99,1,,
420,38,3,20110920,225,1,0.99,0.99,1,,
422,38,3,20110920,225,1,0.99,0.99,1,,
424,40,4,20110921,226,1,0.99,0.99,1,,
426,40,4,20110921,226,1,0.99,0.99,1,,
428,40,4,20110921,226,1,0.99,0.99,1,,
430,40,4,20110921,226,1,0.99,0.99,1,,
434,44,3,20110922,227,1,0.99,0.99,1,,
438,44,3,20110922,227,1,0.99,0.99,1,,
442,44,3,20110922,227,1,0.99,0.99,1,,
446,44,3,20110922,227,1,0.99,0.99,1,,
450,44,3,20110922,227,1,0.99,0.99,1,,
454,44,3,20110922,227,1,0.99,0.99,1,,
460,50,5,20110925,228,1,0.99,0.99,1,,
466,50,5,20110925,228,1,0.99,0.99,1,,
472,50,5,20110925,228,1,0.99,0.99,1,,
478,50,5,20110925,228,1,0.99,0.99,1,,
484,50,5,20110925,228,1,0.99,0.99,1,,
490,50,5,20110925,228,1,0.99,0.99,1,,
496,50,5,20110925,228,1,0.99,0.99,1,,
502,50,5,20110925,228,1,0.99,0.99,1,,
508,50,5,20110925,228,1,0.99,0.99,1,,
517,59,3,20110930,229,1,0.99,0.99,1,,
526,59,3,20110930,229,1,0.99,0.99,1,,
535,59,3,20110930,229,1,0.99,0.99,1,,
544,59,3,20110930,229,1,0.99,0.99,1,,
553,59,3,20110930,229,1,0.99,0.99,1,,
562,59,3,20110930,229,1,0.99,0.99,1,,
571,59,3,20110930,229,1,0.99,0.99,1,,
580,59,3,20110930,229,1,0.99,0.99,1,,
589,59,3,20110930,229,1,0.99,0.99,1,,
598,59,3,20110930,229,1,0.99,0.99,1,,
607,59,3,20110930,229,1,0.99,0.99,1,,
616,59,3,20110930,229,1,0.99,0.99,1,,
625,59,3,20110930,229,1,0.99,0.99,1,,
634,59,3,20110930,229,1,0.99,0.99,1,,
648,14,5,20111008,230,1,0.99,0.99,1,,
649,15,3,20111021,231,1,0.99,0.99,1,,
650,15,3,20111021,231,1,0.99,0.99,1,,
652,17,5,20111021,232,1,0.99,0.99,1,,
654,17,5,20111021,232,1,0.99,0.99,1,,
656,19,3,20111022,233,1,0.99,0.99,1,,
658,19,3,20111022,233,1,0.99,0.99,1,,
660,19,3,20111022,233,1,0.99,0.99,1,,
662,19,3,20111022,233,1,0.99,0.99,1,,
666,23,4,20111023,234,1,0.99,0.99,1,,
670,23,4,20111023,234,1,0.99,0.99,1,,
674,23,4,20111023,234,1,0.99,0.99,1,,
678,23,4,20111023,234,1,0.99,0.99,1,,
682,23,4,20111023,234,1,0.99,0.99,1,,
686,23,4,20111023,234,1,0.99,0.99,1,,
692,29,3,20111026,235,1,0.99,0.99,1,,
698,29,3,20111026,235,1,0.99,0.99,1,,
704,29,3,20111026,235,1,0.99,0.99,1,,
710,29,3,20111026,235,1,0.99,0.99,1,,
716,29,3,20111026,235,1,0.99,0.99,1,,
722,29,3,20111026,235,1,0.99,0.99,1,,
728,29,3,20111026,235,1,0.99,0.99,1,,
734,29,3,20111026,235,1,0.99,0.99,1,,
740,29,3,20111026,235,1,0.99,0.99,1,,
749,38,3,20111031,236,1,0.99,0.99,1,,
758,38,3,20111031,236,1,0.99,0.99,1,,
767,38,3,20111031,236,1,0.99,0.99,1,,
776,38,3,20111031,236,1,0.99,0.99,1,,
785,38,3,20111031,236,1,0.99,0.99,1,,
794,38,3,20111031,236,1,0.99,0.99,1,,
803,38,3,20111031,236,1,0.99,0.99,1,,
812,38,3,20111031,236,1,0.99,0.99,1,,
821,38,3,20111031,236,1,0.99,0.99,1,,
830,38,3,20111031,236,1,0.99,0.99,1,,
839,38,3,20111031,236,1,0.99,0.99,1,,
848,38,3,20111031,236,1,0.99,0.99,1,,
857,38,3,20111031,236,1,0.99,0.99,1,,
866,38,3,20111031,236,1,0.99,0.99,1,,
880,52,3,20111108,237,1,0.99,0.99,1,,
881,53,3,20111121,238,1,0.99,0.99,1,,
882,53,3,20111121,238,1,0.99,0.99,1,,
884,55,4,20111121,239,1,0.99,0.99,1,,
886,55,4,20111121,239,1,0.99,0.99,1,,
888,57,5,20111122,240,1,0.99,0.99,1,,
890,57,5,20111122,240,1,0.99,0.99,1,,
892,57,5,20111122,240,1,0.99,0.99,1,,
894,57,5,20111122,240,1,0.99,0.99,1,,
898,2,5,20111123,241,1,0.99,0.99,1,,
902,2,5,20111123,241,1,0.99,0.99,1,,
906,2,5,20111123,241,1,0.99,0.99,1,,
910,2,5,20111123,241,1,0.99,0.99,1,,
914,2,5,20111123,241,1,0.99,0.99,1,,
918,2,5,20111123,241,1,0.99,0.99,1,,
924,8,4,20111126,242,1,0.99,0.99,1,,
930,8,4,20111126,242,1,0.99,0.99,1,,
936,8,4,20111126,242,1,0.99,0.99,1,,
942,8,4,20111126,242,1,0.99,0.99,1,,
948,8,4,20111126,242,1,0.99,0.99,1,,
954,8,4,20111126,242,1,0.99,0.99,1,,
960,8,4,20111126,242,1,0.99,0.99,1,,
966,8,4,20111126,242,1,0.99,0.99,1,,
972,8,4,20111126,242,1,0.99,0.99,1,,
981,17,5,20111201,243,1,0.99,0.99,1,,
990,17,5,20111201,243,1,0.99,0.99,1,,
999,17,5,20111201,243,1,0.99,0.99,1,,
1008,17,5,20111201,243,1,0.99,0.99,1,,
1017,17,5,20111201,243,1,0.99,0.99,1,,
1026,17,5,20111201,243,1,0.99,0.99,1,,
1035,17,5,20111201,243,1,0.99,0.99,1,,
1044,17,5,20111201,243,1,0.99,0.99,1,,
1053,17,5,20111201,243,1,0.99,0.99,1,,
1062,17,5,20111201,243,1,0.99,0.99,1,,
1071,17,5,20111201,243,1,0.99,0.99,1,,
1080,17,5,20111201,243,1,0.99,0.99,1,,
1089,17,5,20111201,243,1,0.99,0.99,1,,
1098,17,5,20111201,243,1,0.99,0.99,1,,
1112,31,5,20111209,244,1,0.99,0.99,1,,
1113,32,4,20111222,245,1,0.99,0.99,1,,
1114,32,4,20111222,245,1,0.99,0.99,1,,
1116,34,4,20111222,246,1,0.99,0.99,1,,
1118,34,4,20111222,246,1,0.99,0.99,1,,
1120,36,5,20111223,247,1,0.99,0.99,1,,
1122,36,5,20111223,247,1,0.99,0.99,1,,
1124,36,5,20111223,247,1,0.99,0.99,1,,
1126,36,5,20111223,247,1,0.99,0.99,1,,
1130,40,4,20111224,248,1,0.99,0.99,1,,
1134,40,4,20111224,248,1,0.99,0.99,1,,
1138,40,4,20111224,248,1,0.99,0.99,1,,
1142,40,4,20111224,248,1,0.99,0.99,1,,
1146,40,4,20111224,248,1,0.99,0.99,1,,
1150,40,4,20111224,248,1,0.99,0.99,1,,
1156,46,3,20111227,249,1,0.99,0.99,1,,
1162,46,3,20111227,249,1,0.99,0.99,1,,
1168,46,3,20111227,249,1,0.99,0.99,1,,
1174,46,3,20111227,249,1,0.99,0.99,1,,
1180,46,3,20111227,249,1,0.99,0.99,1,,
1186,46,3,20111227,249,1,0.99,0.99,1,,
1192,46,3,20111227,249,1,0.99,0.99,1,,
1198,46,3,20111227,249,1,0.99,0.99,1,,
1204,46,3,20111227,249,1,0.99,0.99,1,,
1213,55,4,20120101,250,1,0.99,0.99,1,,
1222,55,4,20120101,250,1,0.99,0.99,1,,
1231,55,4,20120101,250,1,0.99,0.99,1,,
1240,55,4,20120101,250,1,0.99,0.99,1,,
1249,55,4,20120101,250,1,0.99,0.99,1,,
1258,55,4,20120101,250,1,0.99,0.99,1,,
1267,55,4,20120101,250,1,0.99,0.99,1,,
1276,55,4,20120101,250,1,0.99,0.99,1,,
1285,55,4,20120101,250,1,0.99,0.99,1,,
1294,55,4,20120101,250,1,0.99,0.99,1,,
1303,55,4,20120101,250,1,0.99,0.99,1,,
1312,55,4,20120101,250,1,0.99,0.99,1,,
1321,55,4,20120101,250,1,0.99,0.99,1,,
1330,55,4,20120101,250,1,0.99,0.99,1,,
1344,10,4,20120109,251,1,0.99,0.99,1,,
1345,11,5,20120122,252,1,0.99,0.99,1,,
1346,11,5,20120122,252,1,0.99,0.99,1,,
1348,13,4,20120122,253,1,0.99,0.99,1,,
1350,13,4,20120122,253,1,0.99,0.99,1,,
1352,15,3,20120123,254,1,0.99,0.99,1,,
1354,15,3,20120123,254,1,0.99,0.99,1,,
1356,15,3,20120123,254,1,0.99,0.99,1,,
1358,15,3,20120123,254,1,0.99,0.99,1,,
1362,19,3,20120124,255,1,0.99,0.99,1,,
1366,19,3,20120124,255,1,0.99,0.99,1,,
1370,19,3,20120124,255,1,0.99,0.99,1,,
1374,19,3,20120124,255,1,0.99,0.99,1,,
1378,19,3,20120124,255,1,0.99,0.99,1,,
1382,19,3,20120124,255,1,0.99,0.99,1,,
1388,25,5,20120127,256,1,0.99,0.99,1,,
1394,25,5,20120127,256,1,0.99,0.99,1,,
1400,25,5,20120127,256,1,0.99,0.99,1,,
1406,25,5,20120127,256,1,0.99,0.99,1,,
1412,25,5,20120127,256,1,0.99,0.99,1,,
1418,25,5,20120127,256,1,0.99,0.99,1,,
1424,25,5,20120127,256,1,0.99,0.99,1,,
1430,25,5,20120127,256,1,0.99,0.99,1,,
1436,25,5,20120127,256,1,0.99,0.99,1,,
1445,34,4,20120201,257,1,0.99,0.99,1,,
1454,34,4,20120201,257,1,0.99,0.99,1,,
1463,34,4,20120201,257,1,0.99,0.99,1,,
1472,34,4,20120201,257,1,0.99,0.99,1,,
1481,34,4,20120201,257,1,0.99,0.99,1,,
1490,34,4,20120201,257,1,0.99,0.99,1,,
1499,34,4,20120201,257,1,0.99,0.99,1,,
1508,34,4,20120201,257,1,0.99,0.99,1,,
1517,34,4,20120201,257,1,0.99,0.99,1,,
1526,34,4,20120201,257,1,0.99,0.99,1,,
1535,34,4,20120201,257,1,0.99,0.99,1,,
1544,34,4,20120201,257,1,0.99,0.99,1,,
1553,34,4,20120201,257,1,0.99,0.99,1,,
1562,34,4,20120201,257,1,0.99,0.99,1,,
1576,48,5,20120209,258,1,0.99,0.99,1,,
1577,49,4,20120222,259,1,0.99,0.99,1,,
1578,49,4,20120222,259,1,0.99,0.99,1,,
1580,51,5,20120222,260,1,0.99,0.99,1,,
1582,51,5,20120222,260,1,0.99,0.99,1,,
1584,53,3,20120223,261,1,0.99,0.99,1,,
1586,53,3,20120223,261,1,0.99,0.99,1,,
1588,53,3,20120223,261,1,0.99,0.99,1,,
1590,53,3,20120223,261,1,0.99,0.99,1,,
1594,57,5,20120224,262,1,0.99,0.99,1,,
1598,57,5,20120224,262,1,0.99,0.99,1,,
1602,57,5,20120224,262,1,0.99,0.99,1,,
1606,57,5,20120224,262,1,0.99,0.99,1,,
1610,57,5,20120224,262,1,0.99,0.99,1,,
1614,57,5,20120224,262,1,0.99,0.99,1,,
1620,4,4,20120227,263,1,0.99,0.99,1,,
1626,4,4,20120227,263,1,0.99,0.99,1,,
1632,4,4,20120227,263,1,0.99,0.99,1,,
1638,4,4,20120227,263,1,0.99,0.99,1,,
1644,4,4,20120227,263,1,0.99,0.99,1,,
1650,4,4,20120227,263,1,0.99,0.99,1,,
1656,4,4,20120227,263,1,0.99,0.99,1,,
1662,4,4,20120227,263,1,0.99,0.99,1,,
1668,4,4,20120227,263,1,0.99,0.99,1,,
1677,13,4,20120303,264,1,0.99,0.99,1,,
1686,13,4,20120303,264,1,0.99,0.99,1,,
1695,13,4,20120303,264,1,0.99,0.99,1,,
1704,13,4,20120303,264,1,0.99,0.99,1,,
1713,13,4,20120303,264,1,0.99,0.99,1,,
1722,13,4,20120303,264,1,0.99,0.99,1,,
1731,13,4,20120303,264,1,0.99,0.99,1,,
1740,13,4,20120303,264,1,0.99,0.99,1,,
1749,13,4,20120303,264,1,0.99,0.99,1,,
1758,13,4,20120303,264,1,0.99,0.99,1,,
1767,13,4,20120303,264,1,0.99,0.99,1,,
1776,13,4,20120303,264,1,0.99,0.99,1,,
1785,13,4,20120303,264,1,0.99,0.99,1,,
1794,13,4,20120303,264,1,0.99,0.99,1,,
1808,27,4,20120311,265,1,0.99,0.99,1,,
1809,28,5,20120324,266,1,0.99,0.99,1,,
1810,28,5,20120324,266,1,0.99,0.99,1,,
1812,30,3,20120324,267,1,0.99,0.99,1,,
1814,30,3,20120324,267,1,0.99,0.99,1,,
1816,32,4,20120325,268,1,0.99,0.99,1,,
1818,32,4,20120325,268,1,0.99,0.99,1,,
1820,32,4,20120325,268,1,0.99,0.99,1,,
1822,32,4,20120325,268,1,0.99,0.99,1,,
1826,36,5,20120326,269,1,0.99,0.99,1,,
1830,36,5,20120326,269,1,0.99,0.99,1,,
1834,36,5,20120326,269,1,0.99,0.99,1,,
1838,36,5,20120326,269,1,0.99,0.99,1,,
1842,36,5,20120326,269,1,0.99,0.99,1,,
1846,36,5,20120326,269,1,0.99,0.99,1,,
1852,42,3,20120329,270,1,0.99,0.99,1,,
1858,42,3,20120329,270,1,0.99,0.99,1,,
1864,42,3,20120329,270,1,0.99,0.99,1,,
1870,42,3,20120329,270,1,0.99,0.99,1,,
1876,42,3,20120329,270,1,0.99,0.99,1,,
1882,42,3,20120329,270,1,0.99,0.99,1,,
1888,42,3,20120329,270,1,0.99,0.99,1,,
1894,42,3,20120329,270,1,0.99,0.99,1,,
1900,42,3,20120329,270,1,0.99,0.99,1,,
1909,51,5,20120403,271,1,0.99,0.99,1,,
1918,51,5,20120403,271,1,0.99,0.99,1,,
1927,51,5,20120403,271,1,0.99,0.99,1,,
1936,51,5,20120403,271,1,0.99,0.99,1,,
1945,51,5,20120403,271,1,0.99,0.99,1,,
1954,51,5,20120403,271,1,0.99,0.99,1,,
1963,51,5,20120403,271,1,0.99,0.99,1,,
1972,51,5,20120403,271,1,0.99,0.99,1,,
1981,51,5,20120403,271,1,0.99,0.99,1,,
1990,51,5,20120403,271,1,0.99,0.99,1,,
1999,51,5,20120403,271,1,0.99,0.99,1,,
2008,51,5,20120403,271,1,0.99,0.99,1,,
2017,51,5,20120403,271,1,0.99,0.99,1,,
2026,51,5,20120403,271,1,0.99,0.99,1,,
2040,6,5,20120411,272,1,0.99,0.99,1,,
2041,7,5,20120424,273,1,0.99,0.99,1,,
2042,7,5,20120424,273,1,0.99,0.99,1,,
2044,9,4,20120424,274,1,0.99,0.99,1,,
2046,9,4,20120424,274,1,0.99,0.99,1,,
2048,11,5,20120425,275,1,0.99,0.99,1,,
2050,11,5,20120425,275,1,0.99,0.99,1,,
2052,11,5,20120425,275,1,0.99,0.99,1,,
2054,11,5,20120425,275,1,0.99,0.99,1,,
2058,15,3,20120426,276,1,0.99,0.99,1,,
2062,15,3,20120426,276,1,0.99,0.99,1,,
2066,15,3,20120426,276,1,0.99,0.99,1,,
2070,15,3,20120426,276,1,0.99,0.99,1,,
2074,15,3,20120426,276,1,0.99,0.99,1,,
2078,15,3,20120426,276,1,0.99,0.99,1,,
2084,21,5,20120429,277,1,0.99,0.99,1,,
2090,21,5,20120429,277,1,0.99,0.99,1,,
2096,21,5,20120429,277,1,0.99,0.99,1,,
2102,21,5,20120429,277,1,0.99,0.99,1,,
2108,21,5,20120429,277,1,0.99,0.99,1,,
2114,21,5,20120429,277,1,0.99,0.99,1,,
2120,21,5,20120429,277,1,0.99,0.99,1,,
2126,21,5,20120429,277,1,0.99,0.99,1,,
2132,21,5,20120429,277,1,0.99,0.99,1,,
2141,30,3,20120504,278,1,0.99,0.99,1,,
2150,30,3,20120504,278,1,0.99,0.99,1,,
2159,30,3,20120504,278,1,0.99,0.99,1,,
2168,30,3,20120504,278,1,0.99,0.99,1,,
2177,30,3,20120504,278,1,0.99,0.99,1,,
2186,30,3,20120504,278,1,0.99,0.99,1,,
2195,30,3,20120504,278,1,0.99,0.99,1,,
2204,30,3,20120504,278,1,0.99,0.99,1,,
2213,30,3,20120504,278,1,0.99,0.99,1,,
2222,30,3,20120504,278,1,0.99,0.99,1,,
2231,30,3,20120504,278,1,0.99,0.99,1,,
2240,30,3,20120504,278,1,0.99,0.99,1,,
2249,30,3,20120504,278,1,0.99,0.99,1,,
2258,30,3,20120504,278,1,0.99,0.99,1,,
2272,44,3,20120512,279,1,0.99,0.99,1,,
2273,45,3,20120525,280,1,0.99,0.99,1,,
2274,45,3,20120525,280,1,0.99,0.99,1,,
2276,47,5,20120525,281,1,0.99,0.99,1,,
2278,47,5,20120525,281,1,0.99,0.99,1,,
2280,49,4,20120526,282,1,0.99,0.99,1,,
2282,49,4,20120526,282,1,0.99,0.99,1,,
2284,49,4,20120526,282,1,0.99,0.99,1,,
2286,49,4,20120526,282,1,0.99,0.99,1,,
2290,53,3,20120527,283,1,0.99,0.99,1,,
2294,53,3,20120527,283,1,0.99,0.99,1,,
2298,53,3,20120527,283,1,0.99,0.99,1,,
2302,53,3,20120527,283,1,0.99,0.99,1,,
2306,53,3,20120527,283,1,0.99,0.99,1,,
2310,53,3,20120527,283,1,0.99,0.99,1,,
2316,59,3,20120530,284,1,0.99,0.99,1,,
2322,59,3,20120530,284,1,0.99,0.99,1,,
2328,59,3,20120530,284,1,0.99,0.99,1,,
2334,59,3,20120530,284,1,0.99,0.99,1,,
2340,59,3,20120530,284,1,0.99,0.99,1,,
2346,59,3,20120530,284,1,0.99,0.99,1,,
2352,59,3,20120530,284,1,0.99,0.99,1,,
2358,59,3,20120530,284,1,0.99,0.99,1,,
2364,59,3,20120530,284,1,0.99,0.99,1,,
2373,9,4,20120604,285,1,0.99,0.99,1,,
2382,9,4,20120604,285,1,0.99,0.99,1,,
2391,9,4,20120604,285,1,0.99,0.99,1,,
2400,9,4,20120604,285,1,0.99,0.99,1,,
2409,9,4,20120604,285,1,0.99,0.99,1,,
2418,9,4,20120604,285,1,0.99,0.99,1,,
2427,9,4,20120604,285,1,0.99,0.99,1,,
2436,9,4,20120604,285,1,0.99,0.99,1,,
2445,9,4,20120604,285,1,0.99,0.99,1,,
2454,9,4,20120604,285,1,0.99,0.99,1,,
2463,9,4,20120604,285,1,0.99,0.99,1,,
2472,9,4,20120604,285,1,0.99,0.99,1,,
2481,9,4,20120604,285,1,0.99,0.99,1,,
2490,9,4,20120604,285,1,0.99,0.99,1,,
2504,23,4,20120612,286,1,0.99,0.99,1,,
2505,24,3,20120625,287,1,0.99,0.99,1,,
2506,24,3,20120625,287,1,0.99,0.99,1,,
2508,26,4,20120625,288,1,0.99,0.99,1,,
2510,26,4,20120625,288,1,0.99,0.99,1,,
2512,28,5,20120626,289,1,0.99,0.99,1,,
2514,28,5,20120626,289,1,0.99,0.99,1,,
2516,28,5,20120626,289,1,0.99,0.99,1,,
2518,28,5,20120626,289,1,0.99,0.99,1,,
2522,32,4,20120627,290,1,0.99,0.99,1,,
2526,32,4,20120627,290,1,0.99,0.99,1,,
2530,32,4,20120627,290,1,0.99,0.99,1,,
2534,32,4,20120627,290,1,0.99,0.99,1,,
2538,32,4,20120627,290,1,0.99,0.99,1,,
2542,32,4,20120627,290,1,0.99,0.99,1,,
2548,38,3,20120630,291,1,0.99,0.99,1,,
2554,38,3,20120630,291,1,0.99,0.99,1,,
2560,38,3,20120630,291,1,0.99,0.99,1,,
2566,38,3,20120630,291,1,0.99,0.99,1,,
2572,38,3,20120630,291,1,0.99,0.99,1,,
2578,38,3,20120630,291,1,0.99,0.99,1,,
2584,38,3,20120630,291,1,0.99,0.99,1,,
2590,38,3,20120630,291,1,0.99,0.99,1,,
2596,38,3,20120630,291,1,0.99,0.99,1,,
2605,47,5,20120705,292,1,0.99,0.99,1,,
2614,47,5,20120705,292,1,0.99,0.99,1,,
2623,47,5,20120705,292,1,0.99,0.99,1,,
2632,47,5,20120705,292,1,0.99,0.99,1,,
2641,47,5,20120705,292,1,0.99,0.99,1,,
2650,47,5,20120705,292,1,0.99,0.99,1,,
2659,47,5,20120705,292,1,0.99,0.99,1,,
2668,47,5,20120705,292,1,0.99,0.99,1,,
2677,47,5,20120705,292,1,0.99,0.99,1,,
2686,47,5,20120705,292,1,0.99,0.99,1,,
2695,47,5,20120705,292,1,0.99,0.99,1,,
2704,47,5,20120705,292,1,0.99,0.99,1,,
2713,47,5,20120705,292,1,0.99,0.99,1,,
2722,47,5,20120705,292,1,0.99,0.99,1,,
2736,2,5,20120713,293,1,0.99,0.99,1,,
2737,3,3,20120726,294,1,0.99,0.99,1,,
2738,3,3,20120726,294,1,0.99,0.99,1,,
2740,5,4,20120726,295,1,0.99,0.99,1,,
2742,5,4,20120726,295,1,0.99,0.99,1,,
2744,7,5,20120727,296,1,0.99,0.99,1,,
2746,7,5,20120727,296,1,0.99,0.99,1,,
2748,7,5,20120727,296,1,0.99,0.99,1,,
2750,7,5,20120727,296,1,0.99,0.99,1,,
2754,11,5,20120728,297,1,0.99,0.99,1,,
2758,11,5,20120728,297,1,0.99,0.99,1,,
2762,11,5,20120728,297,1,0.99,0.99,1,,
2766,11,5,20120728,297,1,0.99,0.99,1,,
2770,11,5,20120728,297,1,0.99,0.99,1,,
2774,11,5,20120728,297,1,0.99,0.99,1,,
2780,17,5,20120731,298,1,0.99,0.99,1,,
2786,17,5,20120731,298,1,0.99,0.99,1,,
2792,17,5,20120731,298,1,0.99,0.99,1,,
2798,17,5,20120731,298,1,0.99,0.99,1,,
2804,17,5,20120731,298,1,0.99,0.99,1,,
2810,17,5,20120731,298,1,0.99,0.99,1,,
2816,17,5,20120731,298,1,0.99,0.99,1,,
2822,17,5,20120731,298,1,1.99,1.99,1,,
2828,17,5,20120731,298,1,1.99,1.99,1,,
2837,26,4,20120805,299,1,1.99,1.99,1,,
2846,26,4,20120805,299,1,1.99,1.99,1,,
2855,26,4,20120805,299,1,1.99,1.99,1,,
2864,26,4,20120805,299,1,1.99,1.99,1,,
2873,26,4,20120805,299,1,1.99,1.99,1,,
2882,26,4,20120805,299,1,1.99,1.99,1,,
2891,26,4,20120805,299,1,1.99,1.99,1,,
2900,26,4,20120805,299,1,1.99,1.99,1,,
2909,26,4,20120805,299,1,1.99,1.99,1,,
2918,26,4,20120805,299,1,1.99,1.99,1,,
2927,26,4,20120805,299,1,0.99,0.99,1,,
2936,26,4,20120805,299,1,0.99,0.99,1,,
2945,26,4,20120805,299,1,0.99,0.99,1,,
2954,26,4,20120805,299,1,0.99,0.99,1,,
2968,40,4,20120813,300,1,0.99,0.99,1,,
2969,41,5,20120826,301,1,0.99,0.99,1,,
2970,41,5,20120826,301,1,0.99,0.99,1,,
2972,43,3,20120826,302,1,0.99,0.99,1,,
2974,43,3,20120826,302,1,0.99,0.99,1,,
2976,45,3,20120827,303,1,0.99,0.99,1,,
2978,45,3,20120827,303,1,0.99,0.99,1,,
2980,45,3,20120827,303,1,0.99,0.99,1,,
2982,45,3,20120827,303,1,0.99,0.99,1,,
2986,49,4,20120828,304,1,0.99,0.99,1,,
2990,49,4,20120828,304,1,0.99,0.99,1,,
2994,49,4,20120828,304,1,0.99,0.99,1,,
2998,49,4,20120828,304,1,0.99,0.99,1,,
3002,49,4,20120828,304,1,0.99,0.99,1,,
3006,49,4,20120828,304,1,0.99,0.99,1,,
3012,55,4,20120831,305,1,0.99,0.99,1,,
3018,55,4,20120831,305,1,0.99,0.99,1,,
3024,55,4,20120831,305,1,0.99,0.99,1,,
3030,55,4,20120831,305,1,0.99,0.99,1,,
3036,55,4,20120831,305,1,0.99,0.99,1,,
3042,55,4,20120831,305,1,0.99,0.99,1,,
3048,55,4,20120831,305,1,0.99,0.99,1,,
3054,55,4,20120831,305,1,0.99,0.99,1,,
3060,55,4,20120831,305,1,0.99,0.99,1,,
3069,5,4,20120905,306,1,0.99,0.99,1,,
3078,5,4,20120905,306,1,0.99,0.99,1,,
3087,5,4,20120905,306,1,0.99,0.99,1,,
3096,5,4,20120905,306,1,0.99,0.99,1,,
3105,5,4,20120905,306,1,0.99,0.99,1,,
3114,5,4,20120905,306,1,0.99,0.99,1,,
3123,5,4,20120905,306,1,0.99,0.99,1,,
3132,5,4,20120905,306,1,0.99,0.99,1,,
3141,5,4,20120905,306,1,0.99,0.99,1,,
3150,5,4,20120905,306,1,0.99,0.99,1,,
3159,5,4,20120905,306,1,0.99,0.99,1,,
3168,5,4,20120905,306,1,1.99,1.99,1,,
3177,5,4,20120905,306,1,1.99,1.99,1,,
3186,5,4,20120905,306,1,1.99,1.99,1,,
3200,19,3,20120913,307,1,1.99,1.99,1,,
3201,20,4,20120926,308,1,1.99,1.99,1,,
3202,20,4,20120926,308,1,1.99,1.99,1,,
3204,22,4,20120926,309,1,1.99,1.99,1,,
3206,22,4,20120926,309,1,1.99,1.99,1,,
3208,24,3,20120927,310,1,1.99,1.99,1,,
3210,24,3,20120927,310,1,1.99,1.99,1,,
3212,24,3,20120927,310,1,1.99,1.99,1,,
3214,24,3,20120927,310,1,1.99,1.99,1,,
3218,28,5,20120928,311,1,1.99,1.99,1,,
3222,28,5,20120928,311,1,1.99,1.99,1,,
3226,28,5,20120928,311,1,1.99,1.99,1,,
3230,28,5,20120928,311,1,1.99,1.99,1,,
3234,28,5,20120928,311,1,1.99,1.99,1,,
3238,28,5,20120928,311,1,1.99,1.99,1,,
3244,34,4,20121001,312,1,1.99,1.99,1,,
3250,34,4,20121001,312,1,1.99,1.99,1,,
3256,34,4,20121001,312,1,0.99,0.99,1,,
3262,34,4,20121001,312,1,0.99,0.99,1,,
3268,34,4,20121001,312,1,0.99,0.99,1,,
3274,34,4,20121001,312,1,0.99,0.99,1,,
3280,34,4,20121001,312,1,0.99,0.99,1,,
3286,34,4,20121001,312,1,0.99,0.99,1,,
3292,34,4,20121001,312,1,0.99,0.99,1,,
3301,43,3,20121006,313,1,0.99,0.99,1,,
3310,43,3,20121006,313,1,0.99,0.99,1,,
3319,43,3,20121006,313,1,0.99,0.99,1,,
3328,43,3,20121006,313,1,0.99,0.99,1,,
3337,43,3,20121006,313,1,1.99,1.99,1,,
3346,43,3,20121006,313,1,1.99,1.99,1,,
3355,43,3,20121006,313,1,0.99,0.99,1,,
3364,43,3,20121006,313,1,1.99,1.99,1,,
3373,43,3,20121006,313,1,0.99,0.99,1,,
3382,43,3,20121006,313,1,0.99,0.99,1,,
3391,43,3,20121006,313,1,0.99,0.99,1,,
3400,43,3,20121006,313,1,0.99,0.99,1,,
3409,43,3,20121006,313,1,0.99,0.99,1,,
3418,43,3,20121006,313,1,0.99,0.99,1,,
3432,57,5,20121014,314,1,0.99,0.99,1,,
3433,58,3,20121027,315,1,0.99,0.99,1,,
3434,58,3,20121027,315,1,0.99,0.99,1,,
3436,1,3,20121027,316,1,0.99,0.99,1,,
3438,1,3,20121027,316,1,0.99,0.99,1,,
3440,3,3,20121028,317,1,0.99,0.99,1,,
3442,3,3,20121028,317,1,0.99,0.99,1,,
3444,3,3,20121028,317,1,0.99,0.99,1,,
3446,3,3,20121028,317,1,0.99,0.99,1,,
3450,7,5,20121029,318,1,0.99,0.99,1,,
3454,7,5,20121029,318,1,0.99,0.99,1,,
3458,7,5,20121029,318,1,0.99,0.99,1,,
3462,7,5,20121029,318,1,0.99,0.99,1,,
3466,7,5,20121029,318,1,0.99,0.99,1,,
3470,7,5,20121029,318,1,0.99,0.99,1,,
3476,13,4,20121101,319,1,0.99,0.99,1,,
3482,13,4,20121101,319,1,0.99,0.99,1,,
3488,13,4,20121101,319,1,0.99,0.99,1,,
3494,13,4,20121101,319,1,0.99,0.99,1,,
3500,13,4,20121101,319,1,0.99,0.99,1,,
3,13,4,20121101,319,1,0.99,0.99,1,,
9,13,4,20121101,319,1,0.99,0.99,1,,
15,13,4,20121101,319,1,0.99,0.99,1,,
21,13,4,20121101,319,1,0.99,0.99,1,,
30,22,4,20121106,320,1,0.99,0.99,1,,
39,22,4,20121106,320,1,0.99,0.99,1,,
48,22,4,20121106,320,1,0.99,0.99,1,,
57,22,4,20121106,320,1,0.99,0.99,1,,
66,22,4,20121106,320,1,0.99,0.99,1,,
75,22,4,20121106,320,1,0.99,0.99,1,,
84,22,4,20121106,320,1,0.99,0.99,1,,
93,22,4,20121106,320,1,0.99,0.99,1,,
102,22,4,20121106,320,1,0.99,0.99,1,,
111,22,4,20121106,320,1,0.99,0.99,1,,
120,22,4,20121106,320,1,0.99,0.99,1,,
129,22,4,20121106,320,1,0.99,0.99,1,,
138,22,4,20121106,320,1,0.99,0.99,1,,
147,22,4,20121106,320,1,0.99,0.99,1,,
161,36,5,20121114,321,1,0.99,0.99,1,,
162,37,3,20121127,322,1,0.99,0.99,1,,
163,37,3,20121127,322,1,0.99,0.99,1,,
165,39,4,20121127,323,1,0.99,0.99,1,,
167,39,4,20121127,323,1,0.99,0.99,1,,
169,41,5,20121128,324,1,0.99,0.99,1,,
171,41,5,20121128,324,1,0.99,0.99,1,,
173,41,5,20121128,324,1,0.99,0.99,1,,
175,41,5,20121128,324,1,0.99,0.99,1,,
179,45,3,20121129,325,1,0.99,0.99,1,,
183,45,3,20121129,325,1,0.99,0.99,1,,
187,45,3,20121129,325,1,0.99,0.99,1,,
191,45,3,20121129,325,1,0.99,0.99,1,,
195,45,3,20121129,325,1,0.99,0.99,1,,
199,45,3,20121129,325,1,0.99,0.99,1,,
205,51,5,20121202,326,1,0.99,0.99,1,,
211,51,5,20121202,326,1,0.99,0.99,1,,
217,51,5,20121202,326,1,0.99,0.99,1,,
223,51,5,20121202,326,1,0.99,0.99,1,,
229,51,5,20121202,326,1,0.99,0.99,1,,
235,51,5,20121202,326,1,0.99,0.99,1,,
241,51,5,20121202,326,1,0.99,0.99,1,,
247,51,5,20121202,326,1,0.99,0.99,1,,
253,51,5,20121202,326,1,0.99,0.99,1,,
262,1,3,20121207,327,1,0.99,0.99,1,,
271,1,3,20121207,327,1,0.99,0.99,1,,
280,1,3,20121207,327,1,0.99,0.99,1,,
289,1,3,20121207,327,1,0.99,0.99,1,,
298,1,3,20121207,327,1,0.99,0.99,1,,
307,1,3,20121207,327,1,0.99,0.99,1,,
316,1,3,20121207,327,1,0.99,0.99,1,,
325,1,3,20121207,327,1,0.99,0.99,1,,
334,1,3,20121207,327,1,0.99,0.99,1,,
343,1,3,20121207,327,1,0.99,0.99,1,,
352,1,3,20121207,327,1,0.99,0.99,1,,
361,1,3,20121207,327,1,0.99,0.99,1,,
370,1,3,20121207,327,1,0.99,0.99,1,,
379,1,3,20121207,327,1,0.99,0.99,1,,
393,15,3,20121215,328,1,0.99,0.99,1,,
394,16,4,20121228,329,1,0.99,0.99,1,,
395,16,4,20121228,329,1,0.99,0.99,1,,
397,18,3,20121228,330,1,0.99,0.99,1,,
399,18,3,20121228,330,1,0.99,0.99,1,,
401,20,4,20121229,331,1,0.99,0.99,1,,
403,20,4,20121229,331,1,0.99,0.99,1,,
405,20,4,20121229,331,1,0.99,0.99,1,,
407,20,4,20121229,331,1,0.99,0.99,1,,
411,24,3,20121230,332,1,0.99,0.99,1,,
415,24,3,20121230,332,1,0.99,0.99,1,,
419,24,3,20121230,332,1,0.99,0.99,1,,
423,24,3,20121230,332,1,0.99,0.99,1,,
427,24,3,20121230,332,1,0.99,0.99,1,,
431,24,3,20121230,332,1,0.99,0.99,1,,
437,30,3,20130102,333,1,0.99,0.99,1,,
443,30,3,20130102,333,1,0.99,0.99,1,,
449,30,3,20130102,333,1,0.99,0.99,1,,
455,30,3,20130102,333,1,0.99,0.99,1,,
461,30,3,20130102,333,1,0.99,0.99,1,,
467,30,3,20130102,333,1,0.99,0.99,1,,
473,30,3,20130102,333,1,0.99,0.99,1,,
479,30,3,20130102,333,1,0.99,0.99,1,,
485,30,3,20130102,333,1,0.99,0.99,1,,
494,39,4,20130107,334,1,0.99,0.99,1,,
503,39,4,20130107,334,1,0.99,0.99,1,,
512,39,4,20130107,334,1,0.99,0.99,1,,
521,39,4,20130107,334,1,0.99,0.99,1,,
530,39,4,20130107,334,1,0.99,0.99,1,,
539,39,4,20130107,334,1,0.99,0.99,1,,
548,39,4,20130107,334,1,0.99,0.99,1,,
557,39,4,20130107,334,1,0.99,0.99,1,,
566,39,4,20130107,334,1,0.99,0.99,1,,
575,39,4,20130107,334,1,0.99,0.99,1,,
584,39,4,20130107,334,1,0.99,0.99,1,,
593,39,4,20130107,334,1,0.99,0.99,1,,
602,39,4,20130107,334,1,0.99,0.99,1,,
611,39,4,20130107,334,1,0.99,0.99,1,,
625,53,3,20130115,335,1,0.99,0.99,1,,
626,54,5,20130128,336,1,0.99,0.99,1,,
627,54,5,20130128,336,1,0.99,0.99,1,,
629,56,4,20130128,337,1,0.99,0.99,1,,
631,56,4,20130128,337,1,0.99,0.99,1,,
633,58,3,20130129,338,1,0.99,0.99,1,,
635,58,3,20130129,338,1,0.99,0.99,1,,
637,58,3,20130129,338,1,0.99,0.99,1,,
639,58,3,20130129,338,1,0.99,0.99,1,,
643,3,3,20130130,339,1,0.99,0.99,1,,
647,3,3,20130130,339,1,0.99,0.99,1,,
651,3,3,20130130,339,1,0.99,0.99,1,,
655,3,3,20130130,339,1,0.99,0.99,1,,
659,3,3,20130130,339,1,0.99,0.99,1,,
663,3,3,20130130,339,1,0.99,0.99,1,,
669,9,4,20130202,340,1,0.99,0.99,1,,
675,9,4,20130202,340,1,0.99,0.99,1,,
681,9,4,20130202,340,1,0.99,0.99,1,,
687,9,4,20130202,340,1,0.99,0.99,1,,
693,9,4,20130202,340,1,0.99,0.99,1,,
699,9,4,20130202,340,1,0.99,0.99,1,,
705,9,4,20130202,340,1,0.99,0.99,1,,
711,9,4,20130202,340,1,0.99,0.99,1,,
717,9,4,20130202,340,1,0.99,0.99,1,,
726,18,3,20130207,341,1,0.99,0.99,1,,
735,18,3,20130207,341,1,0.99,0.99,1,,
744,18,3,20130207,341,1,0.99,0.99,1,,
753,18,3,20130207,341,1,0.99,0.99,1,,
762,18,3,20130207,341,1,0.99,0.99,1,,
771,18,3,20130207,341,1,0.99,0.99,1,,
780,18,3,20130207,341,1,0.99,0.99,1,,
789,18,3,20130207,341,1,0.99,0.99,1,,
798,18,3,20130207,341,1,0.99,0.99,1,,
807,18,3,20130207,341,1,0.99,0.99,1,,
816,18,3,20130207,341,1,0.99,0.99,1,,
825,18,3,20130207,341,1,0.99,0.99,1,,
834,18,3,20130207,341,1,0.99,0.99,1,,
843,18,3,20130207,341,1,0.99,0.99,1,,
857,32,4,20130215,342,1,0.99,0.99,1,,
858,33,3,20130228,343,1,0.99,0.99,1,,
859,33,3,20130228,343,1,0.99,0.99,1,,
861,35,4,20130228,344,1,0.99,0.99,1,,
863,35,4,20130228,344,1,0.99,0.99,1,,
865,37,3,20130301,345,1,0.99,0.99,1,,
867,37,3,20130301,345,1,0.99,0.99,1,,
869,37,3,20130301,345,1,0.99,0.99,1,,
871,37,3,20130301,345,1,0.99,0.99,1,,
875,41,5,20130302,346,1,0.99,0.99,1,,
879,41,5,20130302,346,1,0.99,0.99,1,,
883,41,5,20130302,346,1,0.99,0.99,1,,
887,41,5,20130302,346,1,0.99,0.99,1,,
891,41,5,20130302,346,1,0.99,0.99,1,,
895,41,5,20130302,346,1,0.99,0.99,1,,
901,47,5,20130305,347,1,0.99,0.99,1,,
907,47,5,20130305,347,1,0.99,0.99,1,,
913,47,5,20130305,347,1,0.99,0.99,1,,
919,47,5,20130305,347,1,0.99,0.99,1,,
925,47,5,20130305,347,1,0.99,0.99,1,,
931,47,5,20130305,347,1,0.99,0.99,1,,
937,47,5,20130305,347,1,0.99,0.99,1,,
943,47,5,20130305,347,1,0.99,0.99,1,,
949,47,5,20130305,347,1,0.99,0.99,1,,
958,56,4,20130310,348,1,0.99,0.99,1,,
967,56,4,20130310,348,1,0.99,0.99,1,,
976,56,4,20130310,348,1,0.99,0.99,1,,
985,56,4,20130310,348,1,0.99,0.99,1,,
994,56,4,20130310,348,1,0.99,0.99,1,,
1003,56,4,20130310,348,1,0.99,0.99,1,,
1012,56,4,20130310,348,1,0.99,0.99,1,,
1021,56,4,20130310,348,1,0.99,0.99,1,,
1030,56,4,20130310,348,1,0.99,0.99,1,,
1039,56,4,20130310,348,1,0.99,0.99,1,,
1048,56,4,20130310,348,1,0.99,0.99,1,,
1057,56,4,20130310,348,1,0.99,0.99,1,,
1066,56,4,20130310,348,1,0.99,0.99,1,,
1075,56,4,20130310,348,1,0.99,0.99,1,,
1089,11,5,20130318,349,1,0.99,0.99,1,,
1090,12,3,20130331,350,1,0.99,0.99,1,,
1091,12,3,20130331,350,1,0.99,0.99,1,,
1093,14,5,20130331,351,1,0.99,0.99,1,,
1095,14,5,20130331,351,1,0.99,0.99,1,,
1097,16,4,20130401,352,1,0.99,0.99,1,,
1099,16,4,20130401,352,1,0.99,0.99,1,,
1101,16,4,20130401,352,1,0.99,0.99,1,,
1103,16,4,20130401,352,1,0.99,0.99,1,,
1107,20,4,20130402,353,1,0.99,0.99,1,,
1111,20,4,20130402,353,1,0.99,0.99,1,,
1115,20,4,20130402,353,1,0.99,0.99,1,,
1119,20,4,20130402,353,1,0.99,0.99,1,,
1123,20,4,20130402,353,1,0.99,0.99,1,,
1127,20,4,20130402,353,1,0.99,0.99,1,,
1133,26,4,20130405,354,1,0.99,0.99,1,,
1139,26,4,20130405,354,1,0.99,0.99,1,,
1145,26,4,20130405,354,1,0.99,0.99,1,,
1151,26,4,20130405,354,1,0.99,0.99,1,,
1157,26,4,20130405,354,1,0.99,0.99,1,,
1163,26,4,20130405,354,1,0.99,0.99,1,,
1169,26,4,20130405,354,1,0.99,0.99,1,,
1175,26,4,20130405,354,1,0.99,0.99,1,,
1181,26,4,20130405,354,1,0.99,0.99,1,,
1190,35,4,20130410,355,1,0.99,0.99,1,,
1199,35,4,20130410,355,1,0.99,0.99,1,,
1208,35,4,20130410,355,1,0.99,0.99,1,,
1217,35,4,20130410,355,1,0.99,0.99,1,,
1226,35,4,20130410,355,1,0.99,0.99,1,,
1235,35,4,20130410,355,1,0.99,0.99,1,,
1244,35,4,20130410,355,1,0.99,0.99,1,,
1253,35,4,20130410,355,1,0.99,0.99,1,,
1262,35,4,20130410,355,1,0.99,0.99,1,,
1271,35,4,20130410,355,1,0.99,0.99,1,,
1280,35,4,20130410,355,1,0.99,0.99,1,,
1289,35,4,20130410,355,1,0.99,0.99,1,,
1298,35,4,20130410,355,1,0.99,0.99,1,,
1307,35,4,20130410,355,1,0.99,0.99,1,,
1321,49,4,20130418,356,1,0.99,0.99,1,,
1322,50,5,20130501,357,1,0.99,0.99,1,,
1323,50,5,20130501,357,1,0.99,0.99,1,,
1325,52,3,20130501,358,1,0.99,0.99,1,,
1327,52,3,20130501,358,1,0.99,0.99,1,,
1329,54,5,20130502,359,1,0.99,0.99,1,,
1331,54,5,20130502,359,1,0.99,0.99,1,,
1333,54,5,20130502,359,1,0.99,0.99,1,,
1335,54,5,20130502,359,1,0.99,0.99,1,,
1339,58,3,20130503,360,1,0.99,0.99,1,,
1343,58,3,20130503,360,1,0.99,0.99,1,,
1347,58,3,20130503,360,1,0.99,0.99,1,,
1351,58,3,20130503,360,1,0.99,0.99,1,,
1355,58,3,20130503,360,1,0.99,0.99,1,,
1359,58,3,20130503,360,1,0.99,0.99,1,,
1365,5,4,20130506,361,1,0.99,0.99,1,,
1371,5,4,20130506,361,1,0.99,0.99,1,,
1377,5,4,20130506,361,1,0.99,0.99,1,,
1383,5,4,20130506,361,1,0.99,0.99,1,,
1389,5,4,20130506,361,1,0.99,0.99,1,,
1395,5,4,20130506,361,1,0.99,0.99,1,,
1401,5,4,20130506,361,1,0.99,0.99,1,,
1407,5,4,20130506,361,1,0.99,0.99,1,,
1413,5,4,20130506,361,1,0.99,0.99,1,,
1422,14,5,20130511,362,1,0.99,0.99,1,,
1431,14,5,20130511,362,1,0.99,0.99,1,,
1440,14,5,20130511,362,1,0.99,0.99,1,,
1449,14,5,20130511,362,1,0.99,0.99,1,,
1458,14,5,20130511,362,1,0.99,0.99,1,,
1467,14,5,20130511,362,1,0.99,0.99,1,,
1476,14,5,20130511,362,1,0.99,0.99,1,,
1485,14,5,20130511,362,1,0.99,0.99,1,,
1494,14,5,20130511,362,1,0.99,0.99,1,,
1503,14,5,20130511,362,1,0.99,0.99,1,,
1512,14,5,20130511,362,1,0.99,0.99,1,,
1521,14,5,20130511,362,1,0.99,0.99,1,,
1530,14,5,20130511,362,1,0.99,0.99,1,,
1539,14,5,20130511,362,1,0.99,0.99,1,,
1553,28,5,20130519,363,1,0.99,0.99,1,,
1554,29,3,20130601,364,1,0.99,0.99,1,,
1555,29,3,20130601,364,1,0.99,0.99,1,,
1557,31,5,20130601,365,1,0.99,0.99,1,,
1559,31,5,20130601,365,1,0.99,0.99,1,,
1561,33,3,20130602,366,1,0.99,0.99,1,,
1563,33,3,20130602,366,1,0.99,0.99,1,,
1565,33,3,20130602,366,1,0.99,0.99,1,,
1567,33,3,20130602,366,1,0.99,0.99,1,,
1571,37,3,20130603,367,1,0.99,0.99,1,,
1575,37,3,20130603,367,1,0.99,0.99,1,,
1579,37,3,20130603,367,1,0.99,0.99,1,,
1583,37,3,20130603,367,1,0.99,0.99,1,,
1587,37,3,20130603,367,1,0.99,0.99,1,,
1591,37,3,20130603,367,1,0.99,0.99,1,,
1597,43,3,20130606,368,1,0.99,0.99,1,,
1603,43,3,20130606,368,1,0.99,0.99,1,,
1609,43,3,20130606,368,1,0.99,0.99,1,,
1615,43,3,20130606,368,1,0.99,0.99,1,,
1621,43,3,20130606,368,1,0.99,0.99,1,,
1627,43,3,20130606,368,1,0.99,0.99,1,,
1633,43,3,20130606,368,1,0.99,0.99,1,,
1639,43,3,20130606,368,1,0.99,0.99,1,,
1645,43,3,20130606,368,1,0.99,0.99,1,,
1654,52,3,20130611,369,1,0.99,0.99,1,,
1663,52,3,20130611,369,1,0.99,0.99,1,,
1672,52,3,20130611,369,1,0.99,0.99,1,,
1681,52,3,20130611,369,1,0.99,0.99,1,,
1690,52,3,20130611,369,1,0.99,0.99,1,,
1699,52,3,20130611,369,1,0.99,0.99,1,,
1708,52,3,20130611,369,1,0.99,0.99,1,,
1717,52,3,20130611,369,1,0.99,0.99,1,,
1726,52,3,20130611,369,1,0.99,0.99,1,,
1735,52,3,20130611,369,1,0.99,0.99,1,,
1744,52,3,20130611,369,1,0.99,0.99,1,,
1753,52,3,20130611,369,1,0.99,0.99,1,,
1762,52,3,20130611,369,1,0.99,0.99,1,,
1771,52,3,20130611,369,1,0.99,0.99,1,,
1785,7,5,20130619,370,1,0.99,0.99,1,,
1786,8,4,20130702,371,1,0.99,0.99,1,,
1787,8,4,20130702,371,1,0.99,0.99,1,,
1789,10,4,20130702,372,1,0.99,0.99,1,,
1791,10,4,20130702,372,1,0.99,0.99,1,,
1793,12,3,20130703,373,1,0.99,0.99,1,,
1795,12,3,20130703,373,1,0.99,0.99,1,,
1797,12,3,20130703,373,1,0.99,0.99,1,,
1799,12,3,20130703,373,1,0.99,0.99,1,,
1803,16,4,20130704,374,1,0.99,0.99,1,,
1807,16,4,20130704,374,1,0.99,0.99,1,,
1811,16,4,20130704,374,1,0.99,0.99,1,,
1815,16,4,20130704,374,1,0.99,0.99,1,,
1819,16,4,20130704,374,1,0.99,0.99,1,,
1823,16,4,20130704,374,1,0.99,0.99,1,,
1829,22,4,20130707,375,1,0.99,0.99,1,,
1835,22,4,20130707,375,1,0.99,0.99,1,,
1841,22,4,20130707,375,1,0.99,0.99,1,,
1847,22,4,20130707,375,1,0.99,0.99,1,,
1853,22,4,20130707,375,1,0.99,0.99,1,,
1859,22,4,20130707,375,1,0.99,0.99,1,,
1865,22,4,20130707,375,1,0.99,0.99,1,,
1871,22,4,20130707,375,1,0.99,0.99,1,,
1877,22,4,20130707,375,1,0.99,0.99,1,,
1886,31,5,20130712,376,1,0.99,0.99,1,,
1895,31,5,20130712,376,1,0.99,0.99,1,,
1904,31,5,20130712,376,1,0.99,0.99,1,,
1913,31,5,20130712,376,1,0.99,0.99,1,,
1922,31,5,20130712,376,1,0.99,0.99,1,,
1931,31,5,20130712,376,1,0.99,0.99,1,,
1940,31,5,20130712,376,1,0.99,0.99,1,,
1949,31,5,20130712,376,1,0.99,0.99,1,,
1958,31,5,20130712,376,1,0.99,0.99,1,,
1967,31,5,20130712,376,1,0.99,0.99,1,,
1976,31,5,20130712,376,1,0.99,0.99,1,,
1985,31,5,20130712,376,1,0.99,0.99,1,,
1994,31,5,20130712,376,1,0.99,0.99,1,,
2003,31,5,20130712,376,1,0.99,0.99,1,,
2017,45,3,20130720,377,1,0.99,0.99,1,,
2018,46,3,20130802,378,1,0.99,0.99,1,,
2019,46,3,20130802,378,1,0.99,0.99,1,,
2021,48,5,20130802,379,1,0.99,0.99,1,,
2023,48,5,20130802,379,1,0.99,0.99,1,,
2025,50,5,20130803,380,1,0.99,0.99,1,,
2027,50,5,20130803,380,1,0.99,0.99,1,,
2029,50,5,20130803,380,1,0.99,0.99,1,,
2031,50,5,20130803,380,1,0.99,0.99,1,,
2035,54,5,20130804,381,1,0.99,0.99,1,,
2039,54,5,20130804,381,1,0.99,0.99,1,,
2043,54,5,20130804,381,1,0.99,0.99,1,,
2047,54,5,20130804,381,1,0.99,0.99,1,,
2051,54,5,20130804,381,1,0.99,0.99,1,,
2055,54,5,20130804,381,1,0.99,0.99,1,,
2061,1,3,20130807,382,1,0.99,0.99,1,,
2067,1,3,20130807,382,1,0.99,0.99,1,,
2073,1,3,20130807,382,1,0.99,0.99,1,,
2079,1,3,20130807,382,1,0.99,0.99,1,,
2085,1,3,20130807,382,1,0.99,0.99,1,,
2091,1,3,20130807,382,1,0.99,0.99,1,,
2097,1,3,20130807,382,1,0.99,0.99,1,,
2103,1,3,20130807,382,1,0.99,0.99,1,,
2109,1,3,20130807,382,1,0.99,0.99,1,,
2118,10,4,20130812,383,1,0.99,0.99,1,,
2127,10,4,20130812,383,1,0.99,0.99,1,,
2136,10,4,20130812,383,1,0.99,0.99,1,,
2145,10,4,20130812,383,1,0.99,0.99,1,,
2154,10,4,20130812,383,1,0.99,0.99,1,,
2163,10,4,20130812,383,1,0.99,0.99,1,,
2172,10,4,20130812,383,1,0.99,0.99,1,,
2181,10,4,20130812,383,1,0.99,0.99,1,,
2190,10,4,20130812,383,1,0.99,0.99,1,,
2199,10,4,20130812,383,1,0.99,0.99,1,,
2208,10,4,20130812,383,1,0.99,0.99,1,,
2217,10,4,20130812,383,1,0.99,0.99,1,,
2226,10,4,20130812,383,1,0.99,0.99,1,,
2235,10,4,20130812,383,1,0.99,0.99,1,,
2249,24,3,20130820,384,1,0.99,0.99,1,,
2250,25,5,20130902,385,1,0.99,0.99,1,,
2251,25,5,20130902,385,1,0.99,0.99,1,,
2253,27,4,20130902,386,1,0.99,0.99,1,,
2255,27,4,20130902,386,1,0.99,0.99,1,,
2257,29,3,20130903,387,1,0.99,0.99,1,,
2259,29,3,20130903,387,1,0.99,0.99,1,,
2261,29,3,20130903,387,1,0.99,0.99,1,,
2263,29,3,20130903,387,1,0.99,0.99,1,,
2267,33,3,20130904,388,1,0.99,0.99,1,,
2271,33,3,20130904,388,1,0.99,0.99,1,,
2275,33,3,20130904,388,1,0.99,0.99,1,,
2279,33,3,20130904,388,1,0.99,0.99,1,,
2283,33,3,20130904,388,1,0.99,0.99,1,,
2287,33,3,20130904,388,1,0.99,0.99,1,,
2293,39,4,20130907,389,1,0.99,0.99,1,,
2299,39,4,20130907,389,1,0.99,0.99,1,,
2305,39,4,20130907,389,1,0.99,0.99,1,,
2311,39,4,20130907,389,1,0.99,0.99,1,,
2317,39,4,20130907,389,1,0.99,0.99,1,,
2323,39,4,20130907,389,1,0.99,0.99,1,,
2329,39,4,20130907,389,1,0.99,0.99,1,,
2335,39,4,20130907,389,1,0.99,0.99,1,,
2341,39,4,20130907,389,1,0.99,0.99,1,,
2350,48,5,20130912,390,1,0.99,0.99,1,,
2359,48,5,20130912,390,1,0.99,0.99,1,,
2368,48,5,20130912,390,1,0.99,0.99,1,,
2377,48,5,20130912,390,1,0.99,0.99,1,,
2386,48,5,20130912,390,1,0.99,0.99,1,,
2395,48,5,20130912,390,1,0.99,0.99,1,,
2404,48,5,20130912,390,1,0.99,0.99,1,,
2413,48,5,20130912,390,1,0.99,0.99,1,,
2422,48,5,20130912,390,1,0.99,0.99,1,,
2431,48,5,20130912,390,1,0.99,0.99,1,,
2440,48,5,20130912,390,1,0.99,0.99,1,,
2449,48,5,20130912,390,1,0.99,0.99,1,,
2458,48,5,20130912,390,1,0.99,0.99,1,,
2467,48,5,20130912,390,1,0.99,0.99,1,,
2481,3,3,20130920,391,1,0.99,0.99,1,,
2482,4,4,20131003,392,1,0.99,0.99,1,,
2483,4,4,20131003,392,1,0.99,0.99,1,,
2485,6,5,20131003,393,1,0.99,0.99,1,,
2487,6,5,20131003,393,1,0.99,0.99,1,,
2489,8,4,20131004,394,1,0.99,0.99,1,,
2491,8,4,20131004,394,1,0.99,0.99,1,,
2493,8,4,20131004,394,1,0.99,0.99,1,,
2495,8,4,20131004,394,1,0.99,0.99,1,,
2499,12,3,20131005,395,1,0.99,0.99,1,,
2503,12,3,20131005,395,1,0.99,0.99,1,,
2507,12,3,20131005,395,1,0.99,0.99,1,,
2511,12,3,20131005,395,1,0.99,0.99,1,,
2515,12,3,20131005,395,1,0.99,0.99,1,,
2519,12,3,20131005,395,1,0.99,0.99,1,,
2525,18,3,20131008,396,1,0.99,0.99,1,,
2531,18,3,20131008,396,1,0.99,0.99,1,,
2537,18,3,20131008,396,1,0.99,0.99,1,,
2543,18,3,20131008,396,1,0.99,0.99,1,,
2549,18,3,20131008,396,1,0.99,0.99,1,,
2555,18,3,20131008,396,1,0.99,0.99,1,,
2561,18,3,20131008,396,1,0.99,0.99,1,,
2567,18,3,20131008,396,1,0.99,0.99,1,,
2573,18,3,20131008,396,1,0.99,0.99,1,,
2582,27,4,20131013,397,1,0.99,0.99,1,,
2591,27,4,20131013,397,1,0.99,0.99,1,,
2600,27,4,20131013,397,1,0.99,0.99,1,,
2609,27,4,20131013,397,1,0.99,0.99,1,,
2618,27,4,20131013,397,1,0.99,0.99,1,,
2627,27,4,20131013,397,1,0.99,0.99,1,,
2636,27,4,20131013,397,1,0.99,0.99,1,,
2645,27,4,20131013,397,1,0.99,0.99,1,,
2654,27,4,20131013,397,1,0.99,0.99,1,,
2663,27,4,20131013,397,1,0.99,0.99,1,,
2672,27,4,20131013,397,1,0.99,0.99,1,,
2681,27,4,20131013,397,1,0.99,0.99,1,,
2690,27,4,20131013,397,1,0.99,0.99,1,,
2699,27,4,20131013,397,1,0.99,0.99,1,,
2713,41,5,20131021,398,1,0.99,0.99,1,,
2714,42,3,20131103,399,1,0.99,0.99,1,,
2715,42,3,20131103,399,1,0.99,0.99,1,,
2717,44,3,20131103,400,1,0.99,0.99,1,,
2719,44,3,20131103,400,1,0.99,0.99,1,,
2721,46,3,20131104,401,1,0.99,0.99,1,,
2723,46,3,20131104,401,1,0.99,0.99,1,,
2725,46,3,20131104,401,1,0.99,0.99,1,,
2727,46,3,20131104,401,1,0.99,0.99,1,,
2731,50,5,20131105,402,1,0.99,0.99,1,,
2735,50,5,20131105,402,1,0.99,0.99,1,,
2739,50,5,20131105,402,1,0.99,0.99,1,,
2743,50,5,20131105,402,1,0.99,0.99,1,,
2747,50,5,20131105,402,1,0.99,0.99,1,,
2751,50,5,20131105,402,1,0.99,0.99,1,,
2757,56,4,20131108,403,1,0.99,0.99,1,,
2763,56,4,20131108,403,1,0.99,0.99,1,,
2769,56,4,20131108,403,1,0.99,0.99,1,,
2775,56,4,20131108,403,1,0.99,0.99,1,,
2781,56,4,20131108,403,1,0.99,0.99,1,,
2787,56,4,20131108,403,1,0.99,0.99,1,,
2793,56,4,20131108,403,1,0.99,0.99,1,,
2799,56,4,20131108,403,1,0.99,0.99,1,,
2805,56,4,20131108,403,1,0.99,0.99,1,,
2814,6,5,20131113,404,1,0.99,0.99,1,,
2823,6,5,20131113,404,1,1.99,1.99,1,,
2832,6,5,20131113,404,1,1.99,1.99,1,,
2841,6,5,20131113,404,1,1.99,1.99,1,,
2850,6,5,20131113,404,1,1.99,1.99,1,,
2859,6,5,20131113,404,1,1.99,1.99,1,,
2868,6,5,20131113,404,1,1.99,1.99,1,,
2877,6,5,20131113,404,1,1.99,1.99,1,,
2886,6,5,20131113,404,1,1.99,1.99,1,,
2895,6,5,20131113,404,1,1.99,1.99,1,,
2904,6,5,20131113,404,1,1.99,1.99,1,,
2913,6,5,20131113,404,1,1.99,1.99,1,,
2922,6,5,20131113,404,1,1.99,1.99,1,,
2931,6,5,20131113,404,1,0.99,0.99,1,,
2945,20,4,20131121,405,1,0.99,0.99,1,,
2946,21,5,20131204,406,1,0.99,0.99,1,,
2947,21,5,20131204,406,1,0.99,0.99,1,,
2949,23,4,20131204,407,1,0.99,0.99,1,,
2951,23,4,20131204,407,1,0.99,0.99,1,,
2953,25,5,20131205,408,1,0.99,0.99,1,,
2955,25,5,20131205,408,1,0.99,0.99,1,,
2957,25,5,20131205,408,1,0.99,0.99,1,,
2959,25,5,20131205,408,1,0.99,0.99,1,,
2963,29,3,20131206,409,1,0.99,0.99,1,,
2967,29,3,20131206,409,1,0.99,0.99,1,,
2971,29,3,20131206,409,1,0.99,0.99,1,,
2975,29,3,20131206,409,1,0.99,0.99,1,,
2979,29,3,20131206,409,1,0.99,0.99,1,,
2983,29,3,20131206,409,1,0.99,0.99,1,,
2989,35,4,20131209,410,1,0.99,0.99,1,,
2995,35,4,20131209,410,1,0.99,0.99,1,,
3001,35,4,20131209,410,1,0.99,0.99,1,,
3007,35,4,20131209,410,1,0.99,0.99,1,,
3013,35,4,20131209,410,1,0.99,0.99,1,,
3019,35,4,20131209,410,1,0.99,0.99,1,,
3025,35,4,20131209,410,1,0.99,0.99,1,,
3031,35,4,20131209,410,1,0.99,0.99,1,,
3037,35,4,20131209,410,1,0.99,0.99,1,,
3046,44,3,20131214,411,1,0.99,0.99,1,,
3055,44,3,20131214,411,1,0.99,0.99,1,,
3064,44,3,20131214,411,1,0.99,0.99,1,,
3073,44,3,20131214,411,1,0.99,0.99,1,,
3082,44,3,20131214,411,1,0.99,0.99,1,,
3091,44,3,20131214,411,1,0.99,0.99,1,,
3100,44,3,20131214,411,1,0.99,0.99,1,,
3109,44,3,20131214,411,1,0.99,0.99,1,,
3118,44,3,20131214,411,1,0.99,0.99,1,,
3127,44,3,20131214,411,1,0.99,0.99,1,,
3136,44,3,20131214,411,1,0.99,0.99,1,,
3145,44,3,20131214,411,1,0.99,0.99,1,,
3154,44,3,20131214,411,1,0.99,0.99,1,,
3163,44,3,20131214,411,1,0.99,0.99,1,,
3177,58,3,20131222,412,1,1.99,1.99,1,,
